Date,Player,SO_y,SO_Prop
2023-06-09,AJ Smith-Shawver,2,3.5
2023-06-15,AJ Smith-Shawver,6,3.5
2023-04-01,Aaron Civale,3,3.5
2023-04-07,Aaron Civale,5,3.5
2023-06-02,Aaron Civale,4,3.5
2023-06-08,Aaron Civale,3,3.5
2023-06-14,Aaron Civale,7,3.5
2023-03-30,Aaron Nola,4,3.5
2023-04-05,Aaron Nola,5,3.5
2023-04-11,Aaron Nola,6,3.5
2023-04-16,Aaron Nola,4,3.5
2023-04-21,Aaron Nola,3,4.0
2023-04-28,Aaron Nola,6,4.0
2023-05-03,Aaron Nola,5,4.0
2023-05-09,Aaron Nola,6,4.5
2023-05-14,Aaron Nola,4,4.5
2023-05-20,Aaron Nola,10,4.5
2023-05-25,Aaron Nola,7,5.0
2023-05-31,Aaron Nola,5,5.5
2023-06-05,Aaron Nola,12,5.5
2023-06-10,Aaron Nola,7,6.0
2023-06-15,Aaron Nola,9,6.5
2023-04-13,Adam Oller,2,3.5
2023-05-06,Adam Wainwright,5,3.5
2023-05-12,Adam Wainwright,2,3.5
2023-05-18,Adam Wainwright,1,3.5
2023-05-23,Adam Wainwright,2,3.5
2023-05-29,Adam Wainwright,6,3.5
2023-06-05,Adam Wainwright,3,3.5
2023-06-11,Adam Wainwright,2,3.5
2023-05-07,Adrian Houser,5,3.5
2023-05-13,Adrian Houser,2,3.5
2023-05-19,Adrian Houser,4,3.5
2023-05-24,Adrian Houser,3,3.5
2023-05-30,Adrian Houser,3,3.5
2023-06-04,Adrian Houser,2,3.5
2023-06-09,Adrian Houser,4,3.5
2023-03-30,Alek Manoah,3,3.5
2023-04-05,Alek Manoah,5,3.5
2023-04-11,Alek Manoah,3,3.5
2023-04-16,Alek Manoah,5,3.5
2023-04-22,Alek Manoah,5,3.5
2023-04-28,Alek Manoah,7,3.5
2023-05-03,Alek Manoah,3,4.0
2023-05-09,Alek Manoah,1,4.5
2023-05-15,Alek Manoah,3,4.5
2023-05-20,Alek Manoah,5,4.0
2023-05-25,Alek Manoah,6,4.0
2023-05-31,Alek Manoah,2,4.0
2023-06-05,Alek Manoah,0,4.0
2023-04-01,Alex Cobb,6,3.5
2023-04-07,Alex Cobb,6,3.5
2023-04-12,Alex Cobb,2,3.5
2023-04-19,Alex Cobb,8,4.0
2023-04-24,Alex Cobb,4,4.5
2023-04-30,Alex Cobb,7,4.5
2023-05-06,Alex Cobb,5,5.0
2023-05-11,Alex Cobb,3,5.0
2023-05-16,Alex Cobb,3,5.0
2023-05-23,Alex Cobb,8,5.0
2023-05-28,Alex Cobb,5,5.0
2023-06-03,Alex Cobb,7,5.0
2023-06-08,Alex Cobb,7,5.5
2023-06-13,Alex Cobb,5,5.5
2023-05-07,Alex Faedo,1,3.5
2023-05-13,Alex Faedo,7,3.5
2023-05-20,Alex Faedo,4,3.5
2023-05-25,Alex Faedo,10,3.5
2023-05-30,Alex Faedo,4,4.0
2023-04-06,Alex Wood,3,3.5
2023-04-11,Alex Wood,5,3.5
2023-04-18,Alex Wood,3,3.5
2023-05-15,Alex Wood,4,3.5
2023-05-21,Alex Wood,5,3.5
2023-05-26,Alex Wood,5,3.5
2023-05-31,Alex Wood,4,4.0
2023-06-05,Andrew Abbott,6,3.5
2023-06-10,Andrew Abbott,4,3.5
2023-04-04,Andrew Heaney,2,3.5
2023-04-10,Andrew Heaney,10,3.5
2023-04-16,Andrew Heaney,4,3.5
2023-04-22,Andrew Heaney,4,3.5
2023-04-27,Andrew Heaney,6,4.5
2023-05-03,Andrew Heaney,5,4.5
2023-05-09,Andrew Heaney,7,4.5
2023-05-14,Andrew Heaney,9,5.0
2023-05-21,Andrew Heaney,5,5.5
2023-05-27,Andrew Heaney,3,5.5
2023-06-03,Andrew Heaney,5,6.0
2023-06-09,Andrew Heaney,5,5.5
2023-06-14,Andrew Heaney,5,5.5
2023-04-03,Anthony DeSclafani,4,3.5
2023-04-09,Anthony DeSclafani,7,3.5
2023-04-15,Anthony DeSclafani,5,3.5
2023-04-21,Anthony DeSclafani,5,3.5
2023-04-26,Anthony DeSclafani,6,4.5
2023-05-02,Anthony DeSclafani,3,4.5
2023-05-08,Anthony DeSclafani,3,5.0
2023-05-13,Anthony DeSclafani,2,4.5
2023-05-19,Anthony DeSclafani,6,4.5
2023-05-24,Anthony DeSclafani,6,4.5
2023-05-29,Anthony DeSclafani,2,4.5
2023-06-04,Anthony DeSclafani,2,4.5
2023-06-09,Anthony DeSclafani,2,4.5
2023-06-14,Anthony DeSclafani,7,4.0
2023-05-05,Antonio Senzatela,3,3.5
2023-05-10,Antonio Senzatela,1,3.5
2023-04-02,Austin Gomber,4,3.5
2023-04-08,Austin Gomber,5,3.5
2023-04-14,Austin Gomber,2,3.5
2023-04-19,Austin Gomber,1,3.5
2023-04-24,Austin Gomber,3,3.5
2023-04-30,Austin Gomber,4,3.5
2023-05-06,Austin Gomber,3,3.5
2023-05-12,Austin Gomber,6,3.5
2023-05-17,Austin Gomber,1,3.5
2023-05-23,Austin Gomber,2,3.5
2023-05-28,Austin Gomber,3,3.5
2023-06-03,Austin Gomber,4,3.5
2023-06-09,Austin Gomber,1,3.5
2023-06-14,Austin Gomber,5,3.5
2023-05-24,Austin Pruitt,0,3.5
2023-05-27,Austin Pruitt,1,3.5
2023-04-02,Bailey Falter,3,3.5
2023-04-08,Bailey Falter,2,3.5
2023-04-13,Bailey Falter,4,3.5
2023-04-18,Bailey Falter,3,3.5
2023-04-25,Bailey Falter,7,3.5
2023-04-30,Bailey Falter,3,3.5
2023-05-06,Bailey Falter,4,3.5
2023-04-23,Bailey Ober,4,3.5
2023-04-29,Bailey Ober,6,3.5
2023-05-05,Bailey Ober,6,3.5
2023-05-11,Bailey Ober,6,3.5
2023-05-16,Bailey Ober,6,4.5
2023-05-22,Bailey Ober,2,5.0
2023-05-28,Bailey Ober,7,5.0
2023-06-02,Bailey Ober,3,5.0
2023-06-08,Bailey Ober,7,5.0
2023-06-14,Bailey Ober,7,5.0
2023-05-19,Ben Lively,8,3.5
2023-05-24,Ben Lively,8,3.5
2023-05-30,Ben Lively,6,3.5
2023-06-04,Ben Lively,5,5.5
2023-06-09,Ben Lively,8,6.0
2023-06-14,Ben Lively,4,6.0
2023-03-30,Blake Snell,9,3.5
2023-04-06,Blake Snell,2,3.5
2023-04-12,Blake Snell,5,3.5
2023-04-18,Blake Snell,5,4.5
2023-04-25,Blake Snell,5,4.5
2023-05-01,Blake Snell,7,4.5
2023-05-06,Blake Snell,6,5.0
2023-05-12,Blake Snell,4,5.0
2023-05-19,Blake Snell,5,5.5
2023-05-25,Blake Snell,6,5.5
2023-05-31,Blake Snell,7,5.5
2023-06-05,Blake Snell,8,5.5
2023-06-11,Blake Snell,12,5.5
2023-05-23,Bobby Miller,5,3.5
2023-05-29,Bobby Miller,4,3.5
2023-06-04,Bobby Miller,7,3.5
2023-06-10,Bobby Miller,7,3.5
2023-04-02,Brad Keller,6,3.5
2023-04-07,Brad Keller,3,3.5
2023-04-12,Brad Keller,7,3.5
2023-04-18,Brad Keller,2,3.5
2023-04-24,Brad Keller,2,4.0
2023-04-29,Brad Keller,4,4.0
2023-05-05,Brad Keller,1,3.5
2023-05-10,Brad Keller,4,3.5
2023-05-15,Brad Keller,2,3.5
2023-04-03,Brady Singer,3,3.5
2023-04-08,Brady Singer,4,3.5
2023-04-14,Brady Singer,8,3.5
2023-04-19,Brady Singer,4,3.5
2023-04-25,Brady Singer,5,4.0
2023-04-30,Brady Singer,5,4.5
2023-05-06,Brady Singer,4,4.5
2023-05-11,Brady Singer,4,4.5
2023-05-16,Brady Singer,3,4.5
2023-05-22,Brady Singer,3,4.5
2023-05-27,Brady Singer,6,4.5
2023-06-04,Brady Singer,7,4.5
2023-06-10,Brady Singer,4,4.5
2023-05-07,Brandon Bielak,0,3.5
2023-05-13,Brandon Bielak,4,3.5
2023-05-19,Brandon Bielak,9,3.5
2023-05-24,Brandon Bielak,3,3.5
2023-05-30,Brandon Bielak,6,3.5
2023-06-05,Brandon Bielak,2,4.0
2023-06-11,Brandon Bielak,4,4.0
2023-05-03,Brandon Pfaadt,3,3.5
2023-05-09,Brandon Pfaadt,3,3.5
2023-05-14,Brandon Pfaadt,5,3.5
2023-05-20,Brandon Pfaadt,3,3.5
2023-05-26,Brandon Pfaadt,4,3.5
2023-05-16,Brandon Williamson,6,3.5
2023-05-22,Brandon Williamson,3,3.5
2023-05-27,Brandon Williamson,3,3.5
2023-06-02,Brandon Williamson,6,3.5
2023-06-07,Brandon Williamson,3,3.5
2023-06-13,Brandon Williamson,1,3.5
2023-04-01,Brandon Woodruff,8,3.5
2023-04-07,Brandon Woodruff,4,3.5
2023-04-09,Braxton Garrett,7,3.5
2023-04-15,Braxton Garrett,5,3.5
2023-04-22,Braxton Garrett,3,3.5
2023-04-27,Braxton Garrett,3,4.0
2023-05-03,Braxton Garrett,3,4.0
2023-05-08,Braxton Garrett,6,4.0
2023-05-14,Braxton Garrett,8,4.0
2023-05-20,Braxton Garrett,8,4.5
2023-05-25,Braxton Garrett,3,5.0
2023-05-31,Braxton Garrett,7,5.0
2023-06-05,Braxton Garrett,6,5.5
2023-06-11,Braxton Garrett,9,5.5
2023-04-17,Brayan Bello,5,3.5
2023-04-23,Brayan Bello,3,3.5
2023-04-29,Brayan Bello,6,3.5
2023-05-04,Brayan Bello,5,3.5
2023-05-10,Brayan Bello,5,3.5
2023-05-17,Brayan Bello,7,4.0
2023-05-23,Brayan Bello,6,4.5
2023-05-30,Brayan Bello,4,5.0
2023-06-05,Brayan Bello,5,5.0
2023-06-11,Brayan Bello,3,5.0
2023-04-25,Bryan Hoeing,2,3.5
2023-04-30,Bryan Hoeing,4,3.5
2023-06-03,Bryan Woo,4,3.5
2023-06-10,Bryan Woo,7,3.5
2023-04-05,Bryce Elder,6,3.5
2023-04-10,Bryce Elder,7,3.5
2023-04-15,Bryce Elder,4,3.5
2023-04-21,Bryce Elder,6,4.5
2023-04-26,Bryce Elder,3,5.0
2023-05-02,Bryce Elder,6,5.0
2023-05-07,Bryce Elder,4,5.0
2023-05-13,Bryce Elder,3,5.0
2023-05-19,Bryce Elder,6,5.0
2023-05-24,Bryce Elder,6,5.0
2023-05-30,Bryce Elder,5,5.0
2023-06-06,Bryce Elder,8,5.0
2023-06-11,Bryce Elder,1,5.0
2023-05-02,Bryce Miller,10,3.5
2023-05-07,Bryce Miller,5,3.5
2023-05-13,Bryce Miller,3,3.5
2023-05-19,Bryce Miller,4,5.0
2023-05-24,Bryce Miller,6,5.0
2023-05-29,Bryce Miller,3,5.0
2023-06-04,Bryce Miller,2,5.0
2023-06-12,Bryce Miller,6,4.5
2023-04-02,Cal Quantrill,3,3.5
2023-04-08,Cal Quantrill,3,3.5
2023-04-14,Cal Quantrill,3,3.5
2023-04-19,Cal Quantrill,4,3.5
2023-04-24,Cal Quantrill,2,3.5
2023-05-01,Cal Quantrill,2,3.5
2023-05-07,Cal Quantrill,4,3.5
2023-05-13,Cal Quantrill,2,3.5
2023-05-19,Cal Quantrill,6,3.5
2023-05-24,Cal Quantrill,2,3.5
2023-05-30,Cal Quantrill,3,3.5
2023-06-11,Caleb Ferguson,2,3.5
2023-04-29,Caleb Kilian,4,3.5
2023-04-15,Calvin Faucher,2,3.5
2023-04-21,Calvin Faucher,3,3.5
2023-04-26,Calvin Faucher,1,3.5
2023-04-29,Calvin Faucher,1,3.5
2023-04-03,Carlos Carrasco,4,3.5
2023-04-09,Carlos Carrasco,1,3.5
2023-04-15,Carlos Carrasco,3,3.5
2023-05-19,Carlos Carrasco,3,3.5
2023-05-25,Carlos Carrasco,4,3.5
2023-05-31,Carlos Carrasco,4,3.5
2023-06-06,Carlos Carrasco,4,3.5
2023-06-11,Carlos Carrasco,1,3.5
2023-05-17,Carlos Hernández,4,3.5
2023-05-21,Carlos Hernández,3,3.5
2023-06-05,Carlos Hernández,3,3.5
2023-06-11,Carlos Hernández,0,3.5
2023-04-04,Chad Kuhl,4,3.5
2023-04-09,Chad Kuhl,3,3.5
2023-04-15,Chad Kuhl,2,3.5
2023-04-22,Chad Kuhl,5,3.5
2023-04-29,Chad Kuhl,4,3.5
2023-04-03,Charlie Morton,1,3.5
2023-04-08,Charlie Morton,6,3.5
2023-04-14,Charlie Morton,5,3.5
2023-04-19,Charlie Morton,5,3.5
2023-04-25,Charlie Morton,9,3.5
2023-05-01,Charlie Morton,6,4.0
2023-05-09,Charlie Morton,7,5.0
2023-05-15,Charlie Morton,10,5.5
2023-05-22,Charlie Morton,5,6.0
2023-05-27,Charlie Morton,9,6.0
2023-06-02,Charlie Morton,9,6.5
2023-06-07,Charlie Morton,5,6.5
2023-06-12,Charlie Morton,8,7.0
2023-05-16,Chase Anderson,3,3.5
2023-05-22,Chase Anderson,1,3.5
2023-05-27,Chase Anderson,4,3.5
2023-06-02,Chase Anderson,2,3.5
2023-06-08,Chase Anderson,7,3.5
2023-06-13,Chase Anderson,6,3.5
2023-05-16,Chase Silseth,5,3.5
2023-04-02,Chris Bassitt,0,3.5
2023-04-07,Chris Bassitt,5,3.5
2023-04-13,Chris Bassitt,7,3.5
2023-04-18,Chris Bassitt,5,3.5
2023-04-24,Chris Bassitt,4,3.5
2023-04-30,Chris Bassitt,7,4.0
2023-05-05,Chris Bassitt,5,4.0
2023-05-12,Chris Bassitt,8,4.5
2023-05-17,Chris Bassitt,7,5.0
2023-05-22,Chris Bassitt,4,5.0
2023-05-27,Chris Bassitt,5,5.5
2023-06-02,Chris Bassitt,8,5.5
2023-06-07,Chris Bassitt,5,5.5
2023-06-13,Chris Bassitt,5,5.5
2023-04-05,Chris Flexen,4,3.5
2023-04-11,Chris Flexen,1,3.5
2023-04-17,Chris Flexen,5,3.5
2023-04-23,Chris Flexen,3,3.5
2023-04-01,Chris Sale,6,3.5
2023-04-06,Chris Sale,7,3.5
2023-04-12,Chris Sale,6,3.5
2023-04-18,Chris Sale,11,4.5
2023-04-24,Chris Sale,0,5.5
2023-04-30,Chris Sale,5,6.0
2023-05-05,Chris Sale,10,6.0
2023-05-13,Chris Sale,9,5.5
2023-05-20,Chris Sale,8,6.0
2023-05-26,Chris Sale,3,6.5
2023-06-01,Chris Sale,6,6.5
2023-04-01,Clarke Schmidt,5,3.5
2023-04-07,Clarke Schmidt,3,3.5
2023-04-12,Clarke Schmidt,3,3.5
2023-04-18,Clarke Schmidt,5,3.5
2023-04-23,Clarke Schmidt,8,3.5
2023-04-28,Clarke Schmidt,8,4.0
2023-05-03,Clarke Schmidt,4,4.5
2023-05-09,Clarke Schmidt,7,5.0
2023-05-14,Clarke Schmidt,5,5.5
2023-05-19,Clarke Schmidt,6,5.5
2023-05-25,Clarke Schmidt,4,5.5
2023-05-31,Clarke Schmidt,7,5.5
2023-06-06,Clarke Schmidt,1,5.5
2023-06-11,Clarke Schmidt,4,5.5
2023-04-01,Clayton Kershaw,9,3.5
2023-04-07,Clayton Kershaw,4,3.5
2023-04-12,Clayton Kershaw,4,3.5
2023-04-18,Clayton Kershaw,9,5.0
2023-04-23,Clayton Kershaw,6,5.0
2023-04-29,Clayton Kershaw,9,5.5
2023-05-05,Clayton Kershaw,7,6.0
2023-05-10,Clayton Kershaw,8,6.5
2023-05-16,Clayton Kershaw,7,6.5
2023-05-21,Clayton Kershaw,6,7.0
2023-05-27,Clayton Kershaw,6,7.0
2023-06-02,Clayton Kershaw,9,7.0
2023-06-08,Clayton Kershaw,9,7.0
2023-06-14,Clayton Kershaw,5,7.0
2023-05-15,Cody Bradford,3,3.5
2023-05-28,Cody Bradford,5,3.5
2023-06-13,Cody Bradford,3,3.5
2023-04-02,Cole Irvin,4,3.5
2023-04-08,Cole Irvin,5,3.5
2023-04-13,Cole Irvin,4,3.5
2023-06-10,Cole Irvin,5,3.5
2023-04-13,Colin Rea,6,3.5
2023-04-18,Colin Rea,2,3.5
2023-04-24,Colin Rea,1,3.5
2023-04-30,Colin Rea,9,3.5
2023-05-06,Colin Rea,4,3.5
2023-05-14,Colin Rea,3,3.5
2023-05-23,Colin Rea,4,4.0
2023-05-28,Colin Rea,6,4.0
2023-06-03,Colin Rea,5,4.0
2023-06-08,Colin Rea,8,4.5
2023-06-14,Colin Rea,4,4.5
2023-05-14,Collin McHugh,2,3.5
2023-05-15,Connor Brogdon,1,3.5
2023-04-03,Connor Overton,5,3.5
2023-04-09,Connor Overton,4,3.5
2023-04-14,Connor Overton,0,3.5
2023-05-04,Connor Seabold,1,3.5
2023-05-09,Connor Seabold,3,3.5
2023-05-15,Connor Seabold,3,3.5
2023-05-21,Connor Seabold,5,3.5
2023-05-26,Connor Seabold,2,3.5
2023-06-01,Connor Seabold,5,3.5
2023-06-07,Connor Seabold,4,3.5
2023-06-12,Connor Seabold,6,3.5
2023-03-30,Corbin Burnes,3,3.5
2023-04-05,Corbin Burnes,3,3.5
2023-04-11,Corbin Burnes,8,3.5
2023-04-17,Corbin Burnes,3,3.5
2023-04-23,Corbin Burnes,5,3.5
2023-04-29,Corbin Burnes,5,4.0
2023-05-05,Corbin Burnes,5,4.0
2023-05-12,Corbin Burnes,7,4.5
2023-05-17,Corbin Burnes,7,4.5
2023-05-22,Corbin Burnes,5,5.0
2023-05-27,Corbin Burnes,8,5.0
2023-06-02,Corbin Burnes,7,5.5
2023-06-07,Corbin Burnes,9,5.5
2023-06-13,Corbin Burnes,8,6.0
2023-03-30,Corey Kluber,4,3.5
2023-04-05,Corey Kluber,2,3.5
2023-04-13,Corey Kluber,7,3.5
2023-04-19,Corey Kluber,4,3.5
2023-04-25,Corey Kluber,3,3.5
2023-05-01,Corey Kluber,7,4.0
2023-05-06,Corey Kluber,1,4.0
2023-05-14,Corey Kluber,5,4.0
2023-05-21,Corey Kluber,1,4.0
2023-03-31,Cristian Javier,6,3.5
2023-04-05,Cristian Javier,5,3.5
2023-04-11,Cristian Javier,3,3.5
2023-04-17,Cristian Javier,5,4.0
2023-04-23,Cristian Javier,10,4.0
2023-04-29,Cristian Javier,6,4.5
2023-05-05,Cristian Javier,8,5.0
2023-05-10,Cristian Javier,11,5.5
2023-05-16,Cristian Javier,5,6.0
2023-05-22,Cristian Javier,5,6.5
2023-05-28,Cristian Javier,3,6.5
2023-06-03,Cristian Javier,5,6.5
2023-06-09,Cristian Javier,2,6.0
2023-06-15,Cristian Javier,2,6.0
2023-04-22,Cristopher Sánchez,5,3.5
2023-05-05,Dane Dunning,3,3.5
2023-05-10,Dane Dunning,5,3.5
2023-05-16,Dane Dunning,4,3.5
2023-05-22,Dane Dunning,3,3.5
2023-05-31,Dane Dunning,6,3.5
2023-06-06,Dane Dunning,1,3.5
2023-06-12,Dane Dunning,3,3.5
2023-05-28,Daniel Lynch,6,3.5
2023-06-03,Daniel Lynch,7,3.5
2023-06-09,Daniel Lynch,4,3.5
2023-06-14,Daniel Lynch,3,4.5
2023-03-31,David Peterson,5,3.5
2023-04-05,David Peterson,5,3.5
2023-04-11,David Peterson,6,3.5
2023-04-17,David Peterson,6,3.5
2023-04-22,David Peterson,8,4.5
2023-04-28,David Peterson,6,5.0
2023-05-09,David Peterson,4,5.5
2023-05-15,David Peterson,5,5.5
2023-04-01,Dean Kremer,3,3.5
2023-04-07,Dean Kremer,4,3.5
2023-04-12,Dean Kremer,1,3.5
2023-04-18,Dean Kremer,6,3.5
2023-04-24,Dean Kremer,5,3.5
2023-04-29,Dean Kremer,6,3.5
2023-05-05,Dean Kremer,3,3.5
2023-05-10,Dean Kremer,4,4.0
2023-05-16,Dean Kremer,4,4.0
2023-05-21,Dean Kremer,7,4.0
2023-05-27,Dean Kremer,5,4.0
2023-06-02,Dean Kremer,6,4.5
2023-06-07,Dean Kremer,5,4.5
2023-06-13,Dean Kremer,6,5.0
2023-05-01,Denyi Reyes,1,3.5
2023-05-11,Derek Law,1,3.5
2023-05-13,Derek Law,0,3.5
2023-04-22,Devin Smeltzer,3,3.5
2023-05-31,Dinelson Lamet,4,3.5
2023-06-06,Dinelson Lamet,4,3.5
2023-06-11,Dinelson Lamet,5,3.5
2023-04-04,Domingo Germán,8,3.5
2023-04-10,Domingo Germán,0,3.5
2023-04-15,Domingo Germán,11,3.5
2023-04-21,Domingo Germán,6,4.0
2023-04-26,Domingo Germán,8,4.5
2023-05-01,Domingo Germán,6,5.5
2023-05-06,Domingo Germán,5,6.0
2023-05-11,Domingo Germán,3,6.0
2023-05-16,Domingo Germán,2,6.0
2023-05-29,Domingo Germán,4,5.5
2023-06-04,Domingo Germán,6,5.0
2023-06-10,Domingo Germán,5,5.0
2023-04-03,Drew Rasmussen,7,3.5
2023-04-09,Drew Rasmussen,8,3.5
2023-04-14,Drew Rasmussen,4,3.5
2023-04-19,Drew Rasmussen,7,5.0
2023-04-25,Drew Rasmussen,5,5.5
2023-04-30,Drew Rasmussen,3,5.5
2023-05-06,Drew Rasmussen,6,5.5
2023-05-11,Drew Rasmussen,7,5.5
2023-04-28,Drew Rucinski,1,3.5
2023-05-04,Drew Rucinski,3,3.5
2023-05-09,Drew Rucinski,2,3.5
2023-05-15,Drew Rucinski,0,3.5
2023-04-03,Drew Smyly,3,3.5
2023-04-10,Drew Smyly,7,3.5
2023-04-16,Drew Smyly,3,3.5
2023-04-21,Drew Smyly,10,3.5
2023-04-26,Drew Smyly,4,4.5
2023-05-01,Drew Smyly,2,4.5
2023-05-06,Drew Smyly,5,5.0
2023-05-12,Drew Smyly,4,4.5
2023-05-17,Drew Smyly,8,4.5
2023-05-23,Drew Smyly,5,5.0
2023-05-28,Drew Smyly,2,5.0
2023-06-03,Drew Smyly,4,5.0
2023-06-08,Drew Smyly,4,5.0
2023-06-14,Drew Smyly,4,4.5
2023-04-12,Drey Jameson,4,3.5
2023-04-18,Drey Jameson,3,3.5
2023-04-23,Drey Jameson,1,3.5
2023-03-31,Dustin May,4,3.5
2023-04-06,Dustin May,5,3.5
2023-04-11,Dustin May,3,3.5
2023-04-17,Dustin May,1,3.5
2023-04-22,Dustin May,6,3.5
2023-04-28,Dustin May,4,3.5
2023-05-06,Dustin May,6,3.5
2023-05-12,Dustin May,3,4.0
2023-05-17,Dustin May,2,4.0
2023-03-30,Dylan Cease,10,3.5
2023-04-05,Dylan Cease,8,3.5
2023-04-10,Dylan Cease,6,4.0
2023-04-16,Dylan Cease,5,6.0
2023-04-22,Dylan Cease,5,6.5
2023-04-27,Dylan Cease,3,6.0
2023-05-03,Dylan Cease,6,6.0
2023-05-08,Dylan Cease,6,5.5
2023-05-13,Dylan Cease,5,5.5
2023-05-18,Dylan Cease,3,5.5
2023-05-23,Dylan Cease,3,5.5
2023-05-28,Dylan Cease,8,5.5
2023-06-03,Dylan Cease,6,5.0
2023-06-09,Dylan Cease,7,5.5
2023-06-15,Dylan Cease,10,5.5
2023-05-28,Dylan Covey,0,3.5
2023-04-04,Dylan Dodd,3,3.5
2023-04-09,Dylan Dodd,3,3.5
2023-05-04,Dylan Dodd,1,3.5
2023-05-25,Dylan Dodd,3,3.5
2023-06-14,Dylan Dodd,2,3.5
2023-05-10,Dylan Lee,3,3.5
2023-04-29,Easton McGee,2,3.5
2023-03-30,Eduardo Rodriguez,5,3.5
2023-04-05,Eduardo Rodriguez,1,3.5
2023-04-12,Eduardo Rodriguez,3,3.5
2023-04-18,Eduardo Rodriguez,10,3.5
2023-04-23,Eduardo Rodriguez,6,3.5
2023-04-29,Eduardo Rodriguez,5,4.0
2023-05-04,Eduardo Rodriguez,9,4.5
2023-05-10,Eduardo Rodriguez,8,5.0
2023-05-17,Eduardo Rodriguez,5,5.5
2023-05-23,Eduardo Rodriguez,9,6.0
2023-05-28,Eduardo Rodriguez,6,6.0
2023-04-01,Edward Cabrera,2,3.5
2023-04-07,Edward Cabrera,4,3.5
2023-04-12,Edward Cabrera,4,3.5
2023-04-18,Edward Cabrera,8,3.5
2023-04-24,Edward Cabrera,6,3.5
2023-04-29,Edward Cabrera,12,4.0
2023-05-05,Edward Cabrera,8,5.0
2023-05-10,Edward Cabrera,5,6.0
2023-05-17,Edward Cabrera,6,6.5
2023-05-22,Edward Cabrera,6,6.5
2023-05-27,Edward Cabrera,5,6.5
2023-06-02,Edward Cabrera,10,6.0
2023-06-07,Edward Cabrera,4,6.5
2023-06-13,Edward Cabrera,4,6.5
2023-04-02,Eric Lauer,6,3.5
2023-04-08,Eric Lauer,4,3.5
2023-04-14,Eric Lauer,5,3.5
2023-04-19,Eric Lauer,4,4.0
2023-04-25,Eric Lauer,4,4.0
2023-05-03,Eric Lauer,6,4.0
2023-05-09,Eric Lauer,4,4.5
2023-05-20,Eric Lauer,2,4.5
2023-05-12,Eury Pérez,7,3.5
2023-05-18,Eury Pérez,6,3.5
2023-05-23,Eury Pérez,3,3.5
2023-05-28,Eury Pérez,3,4.5
2023-06-03,Eury Pérez,5,4.5
2023-06-09,Eury Pérez,6,4.0
2023-06-14,Eury Pérez,6,4.5
2023-03-30,Framber Valdez,4,3.5
2023-04-04,Framber Valdez,9,3.5
2023-04-10,Framber Valdez,5,3.5
2023-04-16,Framber Valdez,7,4.0
2023-04-22,Framber Valdez,9,5.0
2023-04-28,Framber Valdez,3,5.5
2023-05-03,Framber Valdez,8,6.0
2023-05-09,Framber Valdez,12,6.0
2023-05-15,Framber Valdez,8,6.5
2023-05-21,Framber Valdez,7,7.0
2023-05-27,Framber Valdez,5,7.5
2023-06-02,Framber Valdez,7,7.0
2023-06-08,Framber Valdez,5,7.0
2023-06-14,Framber Valdez,6,7.0
2023-04-03,Freddy Peralta,7,3.5
2023-04-09,Freddy Peralta,7,3.5
2023-04-15,Freddy Peralta,5,3.5
2023-04-21,Freddy Peralta,4,5.0
2023-04-26,Freddy Peralta,8,5.0
2023-05-02,Freddy Peralta,10,5.5
2023-05-08,Freddy Peralta,5,5.5
2023-05-15,Freddy Peralta,4,6.0
2023-05-21,Freddy Peralta,4,6.5
2023-05-26,Freddy Peralta,4,6.0
2023-06-01,Freddy Peralta,3,5.5
2023-06-06,Freddy Peralta,9,5.5
2023-06-11,Freddy Peralta,5,5.5
2023-04-11,Garrett Whitlock,5,3.5
2023-04-16,Garrett Whitlock,5,3.5
2023-04-22,Garrett Whitlock,1,3.5
2023-05-27,Garrett Whitlock,4,3.5
2023-06-03,Garrett Whitlock,5,3.5
2023-06-09,Garrett Whitlock,6,3.5
2023-06-14,Garrett Whitlock,7,4.0
2023-05-03,Gavin Stone,1,3.5
2023-05-22,Gavin Stone,1,3.5
2023-05-28,Gavin Stone,3,3.5
2023-04-03,George Kirby,5,3.5
2023-04-09,George Kirby,4,3.5
2023-04-15,George Kirby,3,3.5
2023-04-21,George Kirby,5,3.5
2023-04-27,George Kirby,7,3.5
2023-05-04,George Kirby,2,4.0
2023-05-09,George Kirby,9,4.0
2023-05-15,George Kirby,6,4.5
2023-05-21,George Kirby,6,5.0
2023-05-26,George Kirby,4,5.0
2023-05-31,George Kirby,7,5.5
2023-06-07,George Kirby,3,5.5
2023-06-13,George Kirby,10,5.5
2023-03-30,Germán Márquez,5,3.5
2023-04-04,Germán Márquez,4,3.5
2023-04-10,Germán Márquez,4,3.5
2023-04-26,Germán Márquez,4,3.5
2023-03-30,Gerrit Cole,11,3.5
2023-04-05,Gerrit Cole,8,3.5
2023-04-11,Gerrit Cole,3,4.5
2023-04-16,Gerrit Cole,10,6.0
2023-04-22,Gerrit Cole,4,6.5
2023-04-27,Gerrit Cole,8,6.5
2023-05-02,Gerrit Cole,8,6.5
2023-05-07,Gerrit Cole,6,6.5
2023-05-12,Gerrit Cole,4,7.0
2023-05-17,Gerrit Cole,6,7.0
2023-05-23,Gerrit Cole,2,6.5
2023-05-28,Gerrit Cole,9,6.0
2023-06-03,Gerrit Cole,5,6.0
2023-06-09,Gerrit Cole,6,6.0
2023-06-14,Gerrit Cole,8,6.0
2023-04-02,Graham Ashcraft,6,3.5
2023-04-10,Graham Ashcraft,7,3.5
2023-04-15,Graham Ashcraft,4,3.5
2023-04-21,Graham Ashcraft,4,4.5
2023-04-26,Graham Ashcraft,3,4.5
2023-05-02,Graham Ashcraft,3,4.5
2023-05-07,Graham Ashcraft,3,4.5
2023-05-12,Graham Ashcraft,3,4.0
2023-05-17,Graham Ashcraft,3,4.0
2023-05-23,Graham Ashcraft,5,4.0
2023-05-28,Graham Ashcraft,6,4.0
2023-06-03,Graham Ashcraft,2,4.0
2023-06-08,Graham Ashcraft,1,4.0
2023-04-05,Grayson Rodriguez,5,3.5
2023-04-11,Grayson Rodriguez,6,3.5
2023-04-16,Grayson Rodriguez,8,3.5
2023-04-23,Grayson Rodriguez,6,4.0
2023-04-29,Grayson Rodriguez,9,5.0
2023-05-04,Grayson Rodriguez,3,5.5
2023-05-09,Grayson Rodriguez,4,6.0
2023-05-15,Grayson Rodriguez,3,6.0
2023-05-20,Grayson Rodriguez,6,5.5
2023-05-26,Grayson Rodriguez,6,5.5
2023-04-12,Griffin Canning,4,3.5
2023-04-19,Griffin Canning,4,3.5
2023-04-25,Griffin Canning,7,3.5
2023-05-04,Griffin Canning,3,3.5
2023-05-10,Griffin Canning,3,4.0
2023-05-17,Griffin Canning,4,4.0
2023-05-23,Griffin Canning,5,4.0
2023-05-29,Griffin Canning,9,4.0
2023-06-04,Griffin Canning,4,4.5
2023-06-11,Griffin Canning,7,4.5
2023-04-04,Hayden Wesneski,4,3.5
2023-04-11,Hayden Wesneski,0,3.5
2023-04-17,Hayden Wesneski,7,3.5
2023-04-22,Hayden Wesneski,1,3.5
2023-04-27,Hayden Wesneski,3,3.5
2023-05-02,Hayden Wesneski,2,3.5
2023-05-07,Hayden Wesneski,6,3.5
2023-05-13,Hayden Wesneski,5,3.5
2023-06-06,Hayden Wesneski,4,3.5
2023-06-11,Hayden Wesneski,4,3.5
2023-06-07,Hogan Harris,2,3.5
2023-04-03,Hunter Brown,5,3.5
2023-04-09,Hunter Brown,7,3.5
2023-04-15,Hunter Brown,5,3.5
2023-04-21,Hunter Brown,7,4.0
2023-04-26,Hunter Brown,8,5.0
2023-05-02,Hunter Brown,4,5.5
2023-05-08,Hunter Brown,3,5.5
2023-05-14,Hunter Brown,8,5.5
2023-05-20,Hunter Brown,9,5.5
2023-05-26,Hunter Brown,10,5.5
2023-05-31,Hunter Brown,8,6.5
2023-06-06,Hunter Brown,5,6.5
2023-06-13,Hunter Brown,4,7.0
2023-03-31,Hunter Gaddis,4,3.5
2023-04-05,Hunter Gaddis,4,3.5
2023-04-11,Hunter Gaddis,3,3.5
2023-04-18,Hunter Gaddis,1,3.5
2023-05-22,Hunter Gaddis,4,3.5
2023-05-28,Hunter Gaddis,3,3.5
2023-03-30,Hunter Greene,8,3.5
2023-04-07,Hunter Greene,5,3.5
2023-04-12,Hunter Greene,10,3.5
2023-04-17,Hunter Greene,1,5.0
2023-04-23,Hunter Greene,6,5.5
2023-04-29,Hunter Greene,10,5.5
2023-05-05,Hunter Greene,7,5.5
2023-05-10,Hunter Greene,4,6.0
2023-05-15,Hunter Greene,8,6.5
2023-05-21,Hunter Greene,10,6.5
2023-05-26,Hunter Greene,11,6.5
2023-06-01,Hunter Greene,8,7.0
2023-06-11,Hunter Greene,9,7.5
2023-05-06,J.P. France,5,3.5
2023-05-12,J.P. France,3,3.5
2023-05-17,J.P. France,2,3.5
2023-05-23,J.P. France,8,3.5
2023-05-29,J.P. France,8,3.5
2023-06-04,J.P. France,3,4.0
2023-06-10,J.P. France,6,4.5
2023-04-04,JP Sears,5,3.5
2023-04-10,JP Sears,4,3.5
2023-04-16,JP Sears,3,3.5
2023-04-21,JP Sears,11,3.5
2023-04-27,JP Sears,4,4.0
2023-05-03,JP Sears,7,4.5
2023-05-08,JP Sears,4,5.5
2023-05-14,JP Sears,6,5.5
2023-05-20,JP Sears,7,5.5
2023-05-25,JP Sears,1,5.5
2023-05-30,JP Sears,2,5.5
2023-06-05,JP Sears,6,5.0
2023-06-11,JP Sears,5,5.0
2023-04-01,Jack Flaherty,4,3.5
2023-04-07,Jack Flaherty,3,3.5
2023-04-12,Jack Flaherty,6,3.5
2023-04-17,Jack Flaherty,4,3.5
2023-04-23,Jack Flaherty,9,3.5
2023-04-28,Jack Flaherty,7,4.0
2023-05-04,Jack Flaherty,3,5.0
2023-05-09,Jack Flaherty,3,5.0
2023-05-15,Jack Flaherty,10,5.0
2023-05-21,Jack Flaherty,5,5.0
2023-05-27,Jack Flaherty,4,5.5
2023-06-02,Jack Flaherty,6,5.5
2023-06-07,Jack Flaherty,8,5.5
2023-06-13,Jack Flaherty,3,5.5
2023-03-30,Jacob deGrom,7,3.5
2023-04-05,Jacob deGrom,11,3.5
2023-04-11,Jacob deGrom,9,3.5
2023-04-17,Jacob deGrom,5,6.0
2023-04-23,Jacob deGrom,11,7.0
2023-04-28,Jacob deGrom,2,7.5
2023-05-22,Jaime Barria,6,3.5
2023-05-31,Jaime Barria,6,3.5
2023-06-07,Jaime Barria,3,3.5
2023-06-13,Jaime Barria,2,4.0
2023-05-03,Jake Irvin,3,3.5
2023-05-08,Jake Irvin,5,3.5
2023-05-14,Jake Irvin,6,3.5
2023-05-19,Jake Irvin,1,3.5
2023-05-25,Jake Irvin,4,3.5
2023-05-30,Jake Irvin,3,3.5
2023-06-06,Jake Irvin,1,3.5
2023-04-03,Jake Woodford,3,3.5
2023-04-09,Jake Woodford,5,3.5
2023-04-14,Jake Woodford,3,3.5
2023-04-19,Jake Woodford,1,3.5
2023-04-25,Jake Woodford,4,3.5
2023-04-30,Jake Woodford,2,3.5
2023-04-10,Jalen Beeks,2,3.5
2023-04-17,Jalen Beeks,1,3.5
2023-05-10,Jalen Beeks,2,3.5
2023-05-16,Jalen Beeks,2,3.5
2023-05-21,Jalen Beeks,3,3.5
2023-05-26,Jalen Beeks,2,3.5
2023-06-13,Jalen Beeks,3,3.5
2023-04-03,James Kaprielian,5,3.5
2023-04-09,James Kaprielian,6,3.5
2023-04-14,James Kaprielian,4,3.5
2023-05-13,James Kaprielian,7,3.5
2023-05-21,James Kaprielian,5,4.5
2023-05-26,James Kaprielian,4,4.5
2023-05-31,James Kaprielian,4,5.0
2023-06-06,James Kaprielian,1,5.0
2023-06-12,James Kaprielian,4,4.5
2023-05-12,James Paxton,9,3.5
2023-05-19,James Paxton,5,3.5
2023-05-24,James Paxton,5,3.5
2023-05-31,James Paxton,8,5.0
2023-06-06,James Paxton,9,5.5
2023-06-12,James Paxton,8,6.0
2023-04-02,Jameson Taillon,2,3.5
2023-04-09,Jameson Taillon,7,3.5
2023-04-15,Jameson Taillon,7,3.5
2023-05-04,Jameson Taillon,4,3.5
2023-05-09,Jameson Taillon,5,4.0
2023-05-15,Jameson Taillon,1,4.5
2023-05-20,Jameson Taillon,1,4.5
2023-05-27,Jameson Taillon,5,4.0
2023-06-02,Jameson Taillon,3,4.0
2023-06-07,Jameson Taillon,5,3.5
2023-06-13,Jameson Taillon,4,4.0
2023-04-12,Janson Junk,2,3.5
2023-04-02,Jared Shuster,1,3.5
2023-04-07,Jared Shuster,4,3.5
2023-05-16,Jared Shuster,3,3.5
2023-05-21,Jared Shuster,7,3.5
2023-05-26,Jared Shuster,5,3.5
2023-05-31,Jared Shuster,1,3.5
2023-06-10,Jared Shuster,0,3.5
2023-04-20,Javier Assad,3,3.5
2023-05-02,Javy Guerra,0,3.5
2023-05-07,Javy Guerra,1,3.5
2023-04-02,Jeffrey Springs,12,3.5
2023-04-08,Jeffrey Springs,7,3.5
2023-04-13,Jeffrey Springs,5,4.5
2023-05-20,Jesse Chavez,3,3.5
2023-05-27,Jesse Scholtens,3,3.5
2023-03-31,Jesús Luzardo,5,3.5
2023-04-05,Jesús Luzardo,10,3.5
2023-04-11,Jesús Luzardo,5,3.5
2023-04-17,Jesús Luzardo,6,4.5
2023-04-23,Jesús Luzardo,6,5.5
2023-04-28,Jesús Luzardo,6,5.5
2023-05-04,Jesús Luzardo,5,6.0
2023-05-09,Jesús Luzardo,5,6.0
2023-05-16,Jesús Luzardo,7,6.0
2023-05-21,Jesús Luzardo,8,6.0
2023-05-26,Jesús Luzardo,7,6.0
2023-06-01,Jesús Luzardo,8,6.0
2023-06-06,Jesús Luzardo,8,6.5
2023-06-12,Jesús Luzardo,3,6.5
2023-04-02,Jhony Brito,6,3.5
2023-04-08,Jhony Brito,2,3.5
2023-04-13,Jhony Brito,0,3.5
2023-04-19,Jhony Brito,3,3.5
2023-04-24,Jhony Brito,1,3.5
2023-04-29,Jhony Brito,5,3.5
2023-05-05,Jhony Brito,2,3.5
2023-05-10,Jhony Brito,3,3.5
2023-05-20,Jhony Brito,6,3.5
2023-05-15,Jimmy Cordero,0,3.5
2023-05-22,Jimmy Lambert,0,3.5
2023-04-22,Joe Musgrove,6,3.5
2023-04-29,Joe Musgrove,3,3.5
2023-05-07,Joe Musgrove,5,3.5
2023-05-13,Joe Musgrove,5,3.5
2023-05-20,Joe Musgrove,6,4.0
2023-05-26,Joe Musgrove,6,4.5
2023-06-01,Joe Musgrove,3,4.5
2023-06-06,Joe Musgrove,8,5.0
2023-06-13,Joe Musgrove,5,5.0
2023-04-02,Joe Ryan,6,3.5
2023-04-08,Joe Ryan,10,3.5
2023-04-13,Joe Ryan,10,3.5
2023-04-19,Joe Ryan,3,5.5
2023-04-25,Joe Ryan,7,6.5
2023-05-02,Joe Ryan,7,6.5
2023-05-07,Joe Ryan,4,6.5
2023-05-13,Joe Ryan,10,6.5
2023-05-19,Joe Ryan,9,6.5
2023-05-24,Joe Ryan,4,7.0
2023-05-30,Joe Ryan,6,7.0
2023-06-04,Joe Ryan,4,7.0
2023-06-10,Joe Ryan,4,6.5
2023-04-21,Joey Lucchesi,9,3.5
2023-04-27,Joey Lucchesi,3,3.5
2023-05-03,Joey Lucchesi,1,3.5
2023-05-07,Joey Lucchesi,4,4.5
2023-05-13,Joey Lucchesi,0,4.0
2023-04-02,Joey Wentz,3,3.5
2023-04-08,Joey Wentz,0,3.5
2023-04-14,Joey Wentz,7,3.5
2023-04-22,Joey Wentz,4,3.5
2023-04-27,Joey Wentz,6,3.5
2023-05-03,Joey Wentz,2,3.5
2023-05-08,Joey Wentz,5,3.5
2023-05-14,Joey Wentz,3,4.0
2023-05-21,Joey Wentz,1,4.0
2023-05-26,Joey Wentz,4,3.5
2023-05-31,Joey Wentz,5,3.5
2023-06-05,Joey Wentz,4,3.5
2023-04-03,Johan Oviedo,4,3.5
2023-04-09,Johan Oviedo,5,3.5
2023-04-14,Johan Oviedo,10,3.5
2023-04-19,Johan Oviedo,6,3.5
2023-04-25,Johan Oviedo,4,5.0
2023-04-30,Johan Oviedo,1,5.5
2023-05-06,Johan Oviedo,3,5.0
2023-05-12,Johan Oviedo,3,4.5
2023-05-19,Johan Oviedo,7,4.5
2023-05-24,Johan Oviedo,5,4.5
2023-05-30,Johan Oviedo,5,4.5
2023-06-05,Johan Oviedo,5,4.5
2023-06-10,Johan Oviedo,5,5.0
2023-06-15,Johan Oviedo,8,5.0
2023-04-25,John Brebbia,2,3.5
2023-05-12,John Brebbia,2,3.5
2023-05-22,John Brebbia,2,3.5
2023-05-30,John Brebbia,1,3.5
2023-06-06,John Brebbia,0,3.5
2023-06-10,John Brebbia,1,3.5
2023-06-11,John Brebbia,1,3.5
2023-04-03,Johnny Cueto,0,3.5
2023-04-03,Jon Gray,7,3.5
2023-04-09,Jon Gray,4,3.5
2023-04-15,Jon Gray,2,3.5
2023-04-21,Jon Gray,2,4.0
2023-04-26,Jon Gray,2,3.5
2023-05-02,Jon Gray,2,3.5
2023-05-08,Jon Gray,8,3.5
2023-05-13,Jon Gray,5,3.5
2023-05-20,Jon Gray,6,3.5
2023-05-26,Jon Gray,8,4.0
2023-06-02,Jon Gray,5,4.5
2023-06-07,Jon Gray,12,5.0
2023-04-01,Jordan Lyles,2,3.5
2023-04-06,Jordan Lyles,9,3.5
2023-04-11,Jordan Lyles,4,3.5
2023-04-17,Jordan Lyles,3,3.5
2023-04-23,Jordan Lyles,5,4.0
2023-04-28,Jordan Lyles,4,4.0
2023-05-04,Jordan Lyles,3,4.0
2023-05-09,Jordan Lyles,6,4.0
2023-05-14,Jordan Lyles,2,4.5
2023-05-20,Jordan Lyles,5,4.0
2023-05-26,Jordan Lyles,2,4.5
2023-06-02,Jordan Lyles,8,4.0
2023-06-07,Jordan Lyles,2,4.5
2023-06-13,Jordan Lyles,4,4.5
2023-04-02,Jordan Montgomery,3,3.5
2023-04-08,Jordan Montgomery,9,3.5
2023-04-13,Jordan Montgomery,5,3.5
2023-04-18,Jordan Montgomery,2,3.5
2023-04-24,Jordan Montgomery,6,4.5
2023-04-29,Jordan Montgomery,7,4.5
2023-05-05,Jordan Montgomery,6,4.5
2023-05-10,Jordan Montgomery,3,5.0
2023-05-16,Jordan Montgomery,7,5.0
2023-05-22,Jordan Montgomery,4,5.0
2023-05-28,Jordan Montgomery,3,5.0
2023-06-03,Jordan Montgomery,5,5.0
2023-06-09,Jordan Montgomery,6,5.0
2023-06-14,Jordan Montgomery,7,5.0
2023-04-04,Josh Fleming,2,3.5
2023-05-17,Josh Fleming,2,3.5
2023-05-28,Josh Fleming,3,3.5
2023-05-29,Josh Staumont,2,3.5
2023-05-12,Josh Taylor,2,3.5
2023-04-01,Josiah Gray,4,3.5
2023-04-06,Josiah Gray,6,3.5
2023-04-11,Josiah Gray,3,3.5
2023-04-18,Josiah Gray,3,3.5
2023-04-25,Josiah Gray,9,3.5
2023-04-30,Josiah Gray,6,4.0
2023-05-05,Josiah Gray,6,4.5
2023-05-10,Josiah Gray,3,5.0
2023-05-16,Josiah Gray,5,5.0
2023-05-21,Josiah Gray,2,5.0
2023-05-27,Josiah Gray,4,5.0
2023-06-02,Josiah Gray,4,4.5
2023-06-09,Josiah Gray,6,4.5
2023-06-14,Josiah Gray,5,4.5
2023-04-03,José Berríos,7,3.5
2023-04-08,José Berríos,5,3.5
2023-04-14,José Berríos,6,3.5
2023-04-19,José Berríos,3,4.5
2023-04-25,José Berríos,9,4.5
2023-05-01,José Berríos,4,5.0
2023-05-06,José Berríos,7,5.0
2023-05-13,José Berríos,3,5.5
2023-05-18,José Berríos,8,5.5
2023-05-23,José Berríos,5,5.5
2023-05-28,José Berríos,5,5.5
2023-06-03,José Berríos,6,5.5
2023-06-08,José Berríos,2,5.5
2023-06-14,José Berríos,5,5.5
2023-04-16,José Butto,2,3.5
2023-04-25,José Butto,1,3.5
2023-04-04,José Suarez,4,3.5
2023-04-10,José Suarez,2,3.5
2023-04-18,José Suarez,1,3.5
2023-04-24,José Suarez,5,3.5
2023-04-30,José Suarez,6,3.5
2023-05-07,José Suarez,3,3.5
2023-04-01,José Ureña,0,3.5
2023-04-07,José Ureña,1,3.5
2023-04-12,José Ureña,6,3.5
2023-04-18,José Ureña,2,3.5
2023-04-23,José Ureña,0,3.5
2023-04-01,José Urquidy,5,3.5
2023-04-07,José Urquidy,6,3.5
2023-04-12,José Urquidy,2,3.5
2023-04-18,José Urquidy,4,3.5
2023-04-24,José Urquidy,3,4.0
2023-04-30,José Urquidy,3,3.5
2023-05-25,Julio Teheran,5,3.5
2023-05-31,Julio Teheran,0,3.5
2023-06-05,Julio Teheran,5,3.5
2023-06-10,Julio Teheran,6,3.5
2023-03-30,Julio Urías,6,3.5
2023-04-04,Julio Urías,6,3.5
2023-04-10,Julio Urías,8,3.5
2023-04-16,Julio Urías,6,4.5
2023-04-21,Julio Urías,4,5.0
2023-04-27,Julio Urías,5,5.5
2023-05-02,Julio Urías,10,5.5
2023-05-07,Julio Urías,3,5.5
2023-05-13,Julio Urías,4,6.0
2023-05-18,Julio Urías,1,6.0
2023-04-01,Justin Steele,8,3.5
2023-04-08,Justin Steele,3,3.5
2023-04-14,Justin Steele,8,3.5
2023-04-19,Justin Steele,5,4.5
2023-04-25,Justin Steele,5,5.0
2023-04-30,Justin Steele,3,5.0
2023-05-05,Justin Steele,4,5.0
2023-05-10,Justin Steele,3,5.0
2023-05-16,Justin Steele,8,4.5
2023-05-21,Justin Steele,6,5.0
2023-05-26,Justin Steele,4,5.0
2023-05-31,Justin Steele,1,5.0
2023-05-04,Justin Verlander,5,3.5
2023-05-10,Justin Verlander,7,3.5
2023-05-16,Justin Verlander,3,3.5
2023-05-21,Justin Verlander,5,4.0
2023-05-27,Justin Verlander,2,4.5
2023-06-02,Justin Verlander,8,4.0
2023-06-08,Justin Verlander,3,4.5
2023-06-14,Justin Verlander,6,4.5
2023-05-19,Karl Kauffmann,4,3.5
2023-05-24,Karl Kauffmann,2,3.5
2023-05-29,Karl Kauffmann,1,3.5
2023-05-31,Keegan Akin,1,3.5
2023-04-02,Ken Waldichuk,4,3.5
2023-04-07,Ken Waldichuk,3,3.5
2023-04-12,Ken Waldichuk,4,3.5
2023-04-18,Ken Waldichuk,5,3.5
2023-04-24,Ken Waldichuk,2,3.5
2023-04-30,Ken Waldichuk,7,3.5
2023-05-06,Ken Waldichuk,6,3.5
2023-05-12,Ken Waldichuk,5,4.0
2023-05-19,Ken Waldichuk,3,4.5
2023-05-28,Ken Waldichuk,2,4.5
2023-04-04,Kenta Maeda,9,3.5
2023-04-10,Kenta Maeda,3,3.5
2023-04-20,Kenta Maeda,0,3.5
2023-04-26,Kenta Maeda,2,4.0
2023-04-01,Kevin Gausman,7,3.5
2023-04-06,Kevin Gausman,7,3.5
2023-04-12,Kevin Gausman,11,3.5
2023-04-17,Kevin Gausman,5,5.5
2023-04-23,Kevin Gausman,11,6.0
2023-04-29,Kevin Gausman,13,7.0
2023-05-04,Kevin Gausman,4,7.5
2023-05-10,Kevin Gausman,9,8.0
2023-05-16,Kevin Gausman,10,8.0
2023-05-21,Kevin Gausman,4,8.0
2023-05-26,Kevin Gausman,8,8.0
2023-06-01,Kevin Gausman,11,8.0
2023-06-06,Kevin Gausman,13,8.0
2023-06-11,Kevin Gausman,4,8.5
2023-04-02,Kodai Senga,8,3.5
2023-04-08,Kodai Senga,6,3.5
2023-04-14,Kodai Senga,7,3.5
2023-04-20,Kodai Senga,4,5.0
2023-04-26,Kodai Senga,7,5.5
2023-05-05,Kodai Senga,4,5.5
2023-05-11,Kodai Senga,7,5.5
2023-05-17,Kodai Senga,12,5.5
2023-05-24,Kodai Senga,6,6.0
2023-05-30,Kodai Senga,9,6.5
2023-06-04,Kodai Senga,3,7.0
2023-06-10,Kodai Senga,6,7.0
2023-04-04,Kris Bubic,4,3.5
2023-04-09,Kris Bubic,9,3.5
2023-04-15,Kris Bubic,3,3.5
2023-04-03,Kutter Crawford,6,3.5
2023-04-09,Kutter Crawford,6,3.5
2023-06-03,Kutter Crawford,3,3.5
2023-06-07,Kutter Crawford,3,4.0
2023-06-13,Kutter Crawford,5,4.0
2023-04-03,Kyle Bradish,2,3.5
2023-04-19,Kyle Bradish,6,3.5
2023-04-25,Kyle Bradish,1,3.5
2023-04-30,Kyle Bradish,5,3.5
2023-05-06,Kyle Bradish,4,3.5
2023-05-12,Kyle Bradish,6,3.5
2023-05-17,Kyle Bradish,5,3.5
2023-05-23,Kyle Bradish,3,4.0
2023-05-28,Kyle Bradish,4,4.0
2023-06-03,Kyle Bradish,5,4.0
2023-06-08,Kyle Bradish,10,4.0
2023-06-14,Kyle Bradish,1,4.5
2023-03-31,Kyle Freeland,1,3.5
2023-04-06,Kyle Freeland,5,3.5
2023-04-11,Kyle Freeland,5,3.5
2023-04-17,Kyle Freeland,1,3.5
2023-04-22,Kyle Freeland,6,3.5
2023-04-28,Kyle Freeland,3,3.5
2023-05-03,Kyle Freeland,5,3.5
2023-05-08,Kyle Freeland,4,3.5
2023-05-14,Kyle Freeland,8,3.5
2023-05-20,Kyle Freeland,0,4.0
2023-05-25,Kyle Freeland,4,4.0
2023-05-30,Kyle Freeland,1,4.0
2023-06-04,Kyle Freeland,1,4.0
2023-06-10,Kyle Freeland,5,3.5
2023-06-15,Kyle Freeland,1,3.5
2023-03-30,Kyle Gibson,3,3.5
2023-04-04,Kyle Gibson,5,3.5
2023-04-10,Kyle Gibson,4,3.5
2023-04-15,Kyle Gibson,1,3.5
2023-04-22,Kyle Gibson,11,3.5
2023-04-27,Kyle Gibson,3,3.5
2023-05-03,Kyle Gibson,0,4.0
2023-05-08,Kyle Gibson,4,4.5
2023-05-14,Kyle Gibson,5,4.0
2023-05-19,Kyle Gibson,5,4.0
2023-05-25,Kyle Gibson,3,4.0
2023-05-30,Kyle Gibson,3,4.0
2023-06-06,Kyle Gibson,7,4.0
2023-06-11,Kyle Gibson,4,4.0
2023-05-25,Kyle Hendricks,5,3.5
2023-05-30,Kyle Hendricks,3,3.5
2023-06-05,Kyle Hendricks,4,3.5
2023-06-10,Kyle Hendricks,3,3.5
2023-03-30,Kyle Muller,3,3.5
2023-04-05,Kyle Muller,5,3.5
2023-04-11,Kyle Muller,3,3.5
2023-04-17,Kyle Muller,3,3.5
2023-04-23,Kyle Muller,3,3.5
2023-04-29,Kyle Muller,3,3.5
2023-05-05,Kyle Muller,1,3.5
2023-05-10,Kyle Muller,6,3.5
2023-05-16,Kyle Muller,3,3.5
2023-05-22,Kyle Muller,3,3.5
2023-04-11,Kyle Wright,3,3.5
2023-04-16,Kyle Wright,6,3.5
2023-04-22,Kyle Wright,2,3.5
2023-04-27,Kyle Wright,6,3.5
2023-05-03,Kyle Wright,3,3.5
2023-03-31,Lance Lynn,6,3.5
2023-04-06,Lance Lynn,5,3.5
2023-04-11,Lance Lynn,10,3.5
2023-04-18,Lance Lynn,7,4.5
2023-04-24,Lance Lynn,4,5.5
2023-04-29,Lance Lynn,10,6.0
2023-05-05,Lance Lynn,8,6.0
2023-05-10,Lance Lynn,4,6.5
2023-05-16,Lance Lynn,7,6.5
2023-05-21,Lance Lynn,6,6.5
2023-05-26,Lance Lynn,5,6.5
2023-05-31,Lance Lynn,4,6.5
2023-06-08,Lance Lynn,4,6.5
2023-06-13,Lance Lynn,6,6.0
2023-04-19,Levi Stoudt,3,3.5
2023-04-23,Logan Allen,8,3.5
2023-04-30,Logan Allen,8,3.5
2023-05-06,Logan Allen,3,3.5
2023-05-12,Logan Allen,5,5.0
2023-05-18,Logan Allen,5,5.5
2023-05-23,Logan Allen,4,5.0
2023-05-29,Logan Allen,10,5.0
2023-06-03,Logan Allen,4,5.5
2023-06-09,Logan Allen,4,5.5
2023-06-15,Logan Allen,2,5.5
2023-04-01,Logan Gilbert,7,3.5
2023-04-07,Logan Gilbert,6,3.5
2023-04-12,Logan Gilbert,7,3.5
2023-04-18,Logan Gilbert,8,4.5
2023-04-26,Logan Gilbert,6,5.5
2023-05-03,Logan Gilbert,6,6.0
2023-05-08,Logan Gilbert,10,6.0
2023-05-14,Logan Gilbert,4,6.5
2023-05-20,Logan Gilbert,9,6.5
2023-05-25,Logan Gilbert,6,7.0
2023-05-30,Logan Gilbert,4,6.5
2023-06-06,Logan Gilbert,6,6.5
2023-06-11,Logan Gilbert,2,6.5
2023-03-30,Logan Webb,12,3.5
2023-04-05,Logan Webb,4,3.5
2023-04-10,Logan Webb,6,4.0
2023-04-17,Logan Webb,6,6.0
2023-04-22,Logan Webb,8,6.0
2023-04-27,Logan Webb,7,6.0
2023-05-03,Logan Webb,5,6.5
2023-05-09,Logan Webb,7,6.5
2023-05-14,Logan Webb,3,6.5
2023-05-20,Logan Webb,7,6.5
2023-05-27,Logan Webb,11,6.0
2023-06-02,Logan Webb,6,6.5
2023-06-07,Logan Webb,3,6.5
2023-06-12,Logan Webb,6,6.5
2023-04-14,Louie Varland,8,3.5
2023-05-03,Louie Varland,6,3.5
2023-05-09,Louie Varland,6,3.5
2023-05-14,Louie Varland,7,5.0
2023-05-20,Louie Varland,4,5.5
2023-05-26,Louie Varland,3,5.5
2023-05-31,Louie Varland,5,5.5
2023-06-06,Louie Varland,5,5.5
2023-06-11,Louie Varland,6,5.0
2023-04-01,Lucas Giolito,6,3.5
2023-04-07,Lucas Giolito,3,3.5
2023-04-12,Lucas Giolito,7,3.5
2023-04-18,Lucas Giolito,7,3.5
2023-04-23,Lucas Giolito,5,4.5
2023-04-28,Lucas Giolito,6,5.0
2023-05-04,Lucas Giolito,7,5.0
2023-05-09,Lucas Giolito,9,5.5
2023-05-14,Lucas Giolito,6,6.0
2023-05-20,Lucas Giolito,4,6.0
2023-05-25,Lucas Giolito,4,6.0
2023-05-30,Lucas Giolito,5,6.0
2023-06-06,Lucas Giolito,7,6.0
2023-06-11,Lucas Giolito,8,6.0
2023-03-30,Luis Castillo,6,3.5
2023-04-04,Luis Castillo,6,3.5
2023-04-10,Luis Castillo,5,3.5
2023-04-16,Luis Castillo,9,4.0
2023-04-22,Luis Castillo,8,5.0
2023-04-28,Luis Castillo,4,5.5
2023-05-05,Luis Castillo,5,6.0
2023-05-10,Luis Castillo,9,6.0
2023-05-16,Luis Castillo,6,6.0
2023-05-22,Luis Castillo,8,6.0
2023-05-27,Luis Castillo,10,6.5
2023-06-02,Luis Castillo,6,6.5
2023-06-09,Luis Castillo,10,7.0
2023-06-14,Luis Castillo,6,7.0
2023-04-04,Luis Cessa,2,3.5
2023-04-11,Luis Cessa,1,3.5
2023-04-16,Luis Cessa,0,3.5
2023-04-22,Luis Cessa,4,3.5
2023-04-28,Luis Cessa,2,3.5
2023-05-03,Luis Cessa,2,3.5
2023-04-02,Luis Garcia,4,3.5
2023-04-08,Luis Garcia,4,3.5
2023-04-14,Luis Garcia,7,3.5
2023-04-19,Luis Garcia,9,3.5
2023-04-25,Luis Garcia,7,4.5
2023-05-01,Luis Garcia,0,5.0
2023-04-26,Luis Medina,6,3.5
2023-05-11,Luis Medina,3,3.5
2023-05-17,Luis Medina,6,3.5
2023-05-23,Luis Medina,4,3.5
2023-06-03,Luis Medina,2,4.0
2023-06-14,Luis Medina,5,4.0
2023-05-09,Luis Ortiz,1,3.5
2023-05-16,Luis Ortiz,3,3.5
2023-05-22,Luis Ortiz,4,3.5
2023-05-28,Luis Ortiz,6,3.5
2023-06-03,Luis Ortiz,1,3.5
2023-06-13,Luis Ortiz,4,3.5
2023-05-21,Luis Severino,5,3.5
2023-05-27,Luis Severino,5,3.5
2023-06-02,Luis Severino,2,3.5
2023-06-08,Luis Severino,6,3.5
2023-06-13,Luis Severino,4,3.5
2023-04-20,Luke Weaver,8,3.5
2023-04-25,Luke Weaver,8,3.5
2023-05-01,Luke Weaver,3,3.5
2023-05-09,Luke Weaver,2,5.0
2023-05-14,Luke Weaver,6,5.0
2023-05-20,Luke Weaver,4,5.0
2023-05-25,Luke Weaver,6,4.5
2023-05-31,Luke Weaver,5,5.0
2023-06-06,Luke Weaver,4,5.0
2023-06-12,Luke Weaver,3,5.0
2023-04-02,MacKenzie Gore,6,3.5
2023-04-07,MacKenzie Gore,6,3.5
2023-04-12,MacKenzie Gore,6,3.5
2023-04-19,MacKenzie Gore,7,4.5
2023-04-26,MacKenzie Gore,10,5.0
2023-05-01,MacKenzie Gore,4,5.5
2023-05-06,MacKenzie Gore,9,6.0
2023-05-12,MacKenzie Gore,3,6.5
2023-05-17,MacKenzie Gore,7,6.5
2023-05-23,MacKenzie Gore,5,6.5
2023-05-28,MacKenzie Gore,11,6.0
2023-06-03,MacKenzie Gore,6,6.5
2023-06-10,MacKenzie Gore,3,6.5
2023-06-15,MacKenzie Gore,4,6.5
2023-04-01,Madison Bumgarner,2,3.5
2023-04-07,Madison Bumgarner,5,3.5
2023-04-14,Madison Bumgarner,1,3.5
2023-04-19,Madison Bumgarner,2,3.5
2023-04-02,Marco Gonzales,1,3.5
2023-04-08,Marco Gonzales,5,3.5
2023-04-19,Marco Gonzales,9,3.5
2023-04-25,Marco Gonzales,2,3.5
2023-04-30,Marco Gonzales,2,3.5
2023-05-06,Marco Gonzales,4,4.0
2023-05-12,Marco Gonzales,2,3.5
2023-05-17,Marco Gonzales,1,3.5
2023-05-23,Marco Gonzales,4,3.5
2023-05-28,Marco Gonzales,4,3.5
2023-03-30,Marcus Stroman,8,3.5
2023-04-07,Marcus Stroman,6,3.5
2023-04-12,Marcus Stroman,6,3.5
2023-04-18,Marcus Stroman,5,5.0
2023-04-23,Marcus Stroman,5,5.5
2023-04-28,Marcus Stroman,3,5.5
2023-05-03,Marcus Stroman,5,5.0
2023-05-08,Marcus Stroman,6,5.0
2023-05-14,Marcus Stroman,3,5.0
2023-05-19,Marcus Stroman,4,5.0
2023-05-24,Marcus Stroman,3,5.0
2023-05-29,Marcus Stroman,8,5.0
2023-06-04,Marcus Stroman,6,5.0
2023-06-09,Marcus Stroman,5,5.0
2023-06-15,Marcus Stroman,5,5.0
2023-04-02,Martín Pérez,7,3.5
2023-04-08,Martín Pérez,5,3.5
2023-04-14,Martín Pérez,4,3.5
2023-04-19,Martín Pérez,3,4.0
2023-04-25,Martín Pérez,5,4.5
2023-04-30,Martín Pérez,2,4.5
2023-05-07,Martín Pérez,2,4.0
2023-05-12,Martín Pérez,3,4.0
2023-05-19,Martín Pérez,7,3.5
2023-05-24,Martín Pérez,3,4.0
2023-05-30,Martín Pérez,3,4.0
2023-06-05,Martín Pérez,5,4.0
2023-06-11,Martín Pérez,2,4.0
2023-06-12,Mason Englert,1,3.5
2023-04-19,Mason Miller,5,3.5
2023-04-25,Mason Miller,6,3.5
2023-05-02,Mason Miller,6,3.5
2023-05-07,Mason Miller,5,4.0
2023-05-06,Matt Barnes,2,3.5
2023-06-08,Matt Dermody,1,3.5
2023-04-04,Matt Manning,4,3.5
2023-04-11,Matt Manning,3,3.5
2023-04-04,Matt Strahm,3,3.5
2023-04-10,Matt Strahm,6,3.5
2023-04-15,Matt Strahm,6,3.5
2023-04-20,Matt Strahm,11,3.5
2023-04-27,Matt Strahm,5,4.5
2023-05-02,Matt Strahm,5,5.5
2023-05-23,Matt Strahm,3,6.0
2023-06-03,Matt Strahm,1,5.5
2023-06-12,Matt Strahm,1,5.0
2023-04-03,Matthew Boyd,3,3.5
2023-04-09,Matthew Boyd,4,3.5
2023-04-18,Matthew Boyd,4,3.5
2023-04-24,Matthew Boyd,8,3.5
2023-04-29,Matthew Boyd,3,3.5
2023-05-05,Matthew Boyd,6,4.0
2023-05-12,Matthew Boyd,1,4.5
2023-05-19,Matthew Boyd,4,4.0
2023-05-24,Matthew Boyd,6,4.0
2023-05-29,Matthew Boyd,5,4.0
2023-06-04,Matthew Boyd,9,4.5
2023-06-10,Matthew Boyd,3,4.5
2023-06-15,Matthew Boyd,8,5.0
2023-05-17,Matthew Liberatore,6,3.5
2023-05-26,Matthew Liberatore,2,3.5
2023-06-06,Matthew Liberatore,2,3.5
2023-06-12,Matthew Liberatore,5,3.5
2023-03-30,Max Fried,2,3.5
2023-04-17,Max Fried,4,3.5
2023-04-23,Max Fried,5,3.5
2023-04-28,Max Fried,7,3.5
2023-05-05,Max Fried,7,3.5
2023-03-30,Max Scherzer,6,3.5
2023-04-04,Max Scherzer,2,3.5
2023-04-10,Max Scherzer,6,3.5
2023-04-19,Max Scherzer,3,3.5
2023-05-03,Max Scherzer,3,3.5
2023-05-14,Max Scherzer,6,4.0
2023-05-21,Max Scherzer,5,4.0
2023-05-26,Max Scherzer,8,4.0
2023-06-01,Max Scherzer,9,4.5
2023-06-07,Max Scherzer,10,5.0
2023-06-13,Max Scherzer,2,5.5
2023-03-31,Merrill Kelly,4,3.5
2023-04-06,Merrill Kelly,4,3.5
2023-04-11,Merrill Kelly,7,3.5
2023-04-17,Merrill Kelly,3,3.5
2023-04-22,Merrill Kelly,7,4.0
2023-04-28,Merrill Kelly,5,4.5
2023-05-05,Merrill Kelly,10,4.5
2023-05-10,Merrill Kelly,6,5.0
2023-05-15,Merrill Kelly,9,5.5
2023-05-21,Merrill Kelly,4,6.0
2023-05-28,Merrill Kelly,10,6.0
2023-06-02,Merrill Kelly,8,6.5
2023-06-09,Merrill Kelly,5,6.5
2023-06-14,Merrill Kelly,7,6.5
2023-04-03,Michael Grove,4,3.5
2023-04-09,Michael Grove,4,3.5
2023-04-15,Michael Grove,6,3.5
2023-04-20,Michael Grove,0,3.5
2023-06-03,Michael Grove,7,3.5
2023-06-15,Michael Grove,7,3.5
2023-04-03,Michael Kopech,5,3.5
2023-04-09,Michael Kopech,5,3.5
2023-04-15,Michael Kopech,4,3.5
2023-04-21,Michael Kopech,9,3.5
2023-04-26,Michael Kopech,4,4.5
2023-05-02,Michael Kopech,7,4.5
2023-05-07,Michael Kopech,2,5.0
2023-05-12,Michael Kopech,5,5.0
2023-05-19,Michael Kopech,10,5.0
2023-05-24,Michael Kopech,9,5.0
2023-05-29,Michael Kopech,10,5.5
2023-06-04,Michael Kopech,9,6.5
2023-06-10,Michael Kopech,6,6.5
2023-04-15,Michael Lorenzen,6,3.5
2023-04-21,Michael Lorenzen,4,3.5
2023-04-26,Michael Lorenzen,5,3.5
2023-05-03,Michael Lorenzen,1,4.0
2023-05-09,Michael Lorenzen,3,4.0
2023-05-16,Michael Lorenzen,7,3.5
2023-05-22,Michael Lorenzen,5,3.5
2023-05-27,Michael Lorenzen,4,4.0
2023-06-03,Michael Lorenzen,6,4.5
2023-06-09,Michael Lorenzen,3,4.5
2023-06-14,Michael Lorenzen,3,4.5
2023-05-29,Michael Soroka,3,3.5
2023-06-04,Michael Soroka,2,3.5
2023-04-01,Michael Wacha,2,3.5
2023-04-08,Michael Wacha,10,3.5
2023-04-14,Michael Wacha,3,3.5
2023-04-20,Michael Wacha,3,3.5
2023-04-26,Michael Wacha,5,4.5
2023-05-02,Michael Wacha,3,4.0
2023-05-09,Michael Wacha,4,4.0
2023-05-15,Michael Wacha,11,4.0
2023-05-21,Michael Wacha,4,4.5
2023-05-27,Michael Wacha,4,5.0
2023-06-02,Michael Wacha,8,5.0
2023-06-07,Michael Wacha,7,5.0
2023-06-14,Michael Wacha,5,5.5
2023-04-02,Mike Clevinger,8,3.5
2023-04-08,Mike Clevinger,1,3.5
2023-04-14,Mike Clevinger,5,3.5
2023-04-19,Mike Clevinger,1,4.0
2023-04-25,Mike Clevinger,3,3.5
2023-04-30,Mike Clevinger,8,3.5
2023-05-06,Mike Clevinger,7,3.5
2023-05-11,Mike Clevinger,2,4.0
2023-05-17,Mike Clevinger,5,4.5
2023-06-02,Mike Clevinger,6,4.5
2023-06-08,Mike Clevinger,2,4.5
2023-06-14,Mike Clevinger,5,4.5
2023-05-23,Mike Mayers,8,3.5
2023-03-30,Miles Mikolas,6,3.5
2023-04-05,Miles Mikolas,6,3.5
2023-04-11,Miles Mikolas,3,3.5
2023-04-16,Miles Mikolas,4,4.0
2023-04-22,Miles Mikolas,4,4.0
2023-04-27,Miles Mikolas,6,4.0
2023-05-03,Miles Mikolas,5,4.5
2023-05-08,Miles Mikolas,7,4.5
2023-05-14,Miles Mikolas,0,5.0
2023-05-20,Miles Mikolas,2,4.5
2023-05-25,Miles Mikolas,5,4.5
2023-05-30,Miles Mikolas,10,4.0
2023-06-04,Miles Mikolas,2,4.5
2023-06-10,Miles Mikolas,2,4.5
2023-03-30,Mitch Keller,8,3.5
2023-04-05,Mitch Keller,7,3.5
2023-04-11,Mitch Keller,7,3.5
2023-04-16,Mitch Keller,3,5.5
2023-04-21,Mitch Keller,5,5.5
2023-04-27,Mitch Keller,10,5.5
2023-05-03,Mitch Keller,8,5.5
2023-05-08,Mitch Keller,8,6.0
2023-05-14,Mitch Keller,13,6.5
2023-05-20,Mitch Keller,8,7.0
2023-05-26,Mitch Keller,8,7.5
2023-05-31,Mitch Keller,8,8.0
2023-06-06,Mitch Keller,1,8.0
2023-06-11,Mitch Keller,7,7.5
2023-04-01,Nathan Eovaldi,6,3.5
2023-04-07,Nathan Eovaldi,6,3.5
2023-04-12,Nathan Eovaldi,7,3.5
2023-04-18,Nathan Eovaldi,5,4.5
2023-04-24,Nathan Eovaldi,7,5.0
2023-04-29,Nathan Eovaldi,8,5.5
2023-05-06,Nathan Eovaldi,5,5.5
2023-05-11,Nathan Eovaldi,12,6.0
2023-05-17,Nathan Eovaldi,5,6.5
2023-05-23,Nathan Eovaldi,5,6.5
2023-05-29,Nathan Eovaldi,4,7.0
2023-06-04,Nathan Eovaldi,7,6.5
2023-06-10,Nathan Eovaldi,6,6.5
2023-06-15,Nathan Eovaldi,9,6.5
2023-04-03,Nestor Cortes,3,3.5
2023-04-09,Nestor Cortes,5,3.5
2023-04-14,Nestor Cortes,7,3.5
2023-04-20,Nestor Cortes,7,3.5
2023-04-25,Nestor Cortes,6,4.0
2023-04-30,Nestor Cortes,7,5.0
2023-05-08,Nestor Cortes,4,5.5
2023-05-13,Nestor Cortes,3,5.5
2023-05-18,Nestor Cortes,6,5.5
2023-05-24,Nestor Cortes,5,5.0
2023-05-30,Nestor Cortes,6,5.0
2023-04-01,Nick Lodolo,9,3.5
2023-04-08,Nick Lodolo,12,3.5
2023-04-13,Nick Lodolo,6,4.5
2023-04-18,Nick Lodolo,4,6.5
2023-04-24,Nick Lodolo,6,7.0
2023-04-30,Nick Lodolo,7,6.5
2023-05-06,Nick Lodolo,3,6.5
2023-03-31,Nick Martinez,5,3.5
2023-04-07,Nick Martinez,4,3.5
2023-04-13,Nick Martinez,2,3.5
2023-04-19,Nick Martinez,6,3.5
2023-04-04,Nick Pivetta,6,3.5
2023-04-10,Nick Pivetta,6,3.5
2023-04-15,Nick Pivetta,4,3.5
2023-04-21,Nick Pivetta,7,4.0
2023-04-28,Nick Pivetta,5,4.5
2023-05-03,Nick Pivetta,6,5.0
2023-05-09,Nick Pivetta,2,5.0
2023-05-16,Nick Pivetta,6,5.0
2023-04-16,Noah Davis,5,3.5
2023-04-21,Noah Davis,5,3.5
2023-04-29,Noah Davis,2,3.5
2023-04-02,Noah Syndergaard,6,3.5
2023-04-08,Noah Syndergaard,2,3.5
2023-04-14,Noah Syndergaard,9,3.5
2023-04-19,Noah Syndergaard,2,3.5
2023-04-25,Noah Syndergaard,2,4.0
2023-04-30,Noah Syndergaard,0,4.5
2023-05-09,Noah Syndergaard,0,3.5
2023-05-15,Noah Syndergaard,5,3.5
2023-05-20,Noah Syndergaard,4,3.5
2023-05-26,Noah Syndergaard,3,3.5
2023-05-31,Noah Syndergaard,2,3.5
2023-06-07,Noah Syndergaard,3,3.5
2023-06-14,Osvaldo Bido,6,3.5
2023-03-30,Pablo López,8,3.5
2023-04-05,Pablo López,8,3.5
2023-04-11,Pablo López,10,3.5
2023-04-16,Pablo López,7,6.0
2023-04-22,Pablo López,6,6.5
2023-04-28,Pablo López,7,7.0
2023-05-04,Pablo López,8,7.0
2023-05-10,Pablo López,8,7.0
2023-05-15,Pablo López,4,7.0
2023-05-21,Pablo López,9,7.0
2023-05-27,Pablo López,6,7.0
2023-06-01,Pablo López,5,7.0
2023-06-07,Pablo López,6,7.0
2023-06-13,Pablo López,9,7.0
2023-03-30,Patrick Corbin,3,3.5
2023-04-05,Patrick Corbin,3,3.5
2023-04-10,Patrick Corbin,3,3.5
2023-04-16,Patrick Corbin,4,3.5
2023-04-23,Patrick Corbin,6,3.5
2023-04-29,Patrick Corbin,2,3.5
2023-05-04,Patrick Corbin,6,3.5
2023-05-09,Patrick Corbin,3,3.5
2023-05-15,Patrick Corbin,1,3.5
2023-05-20,Patrick Corbin,3,3.5
2023-05-26,Patrick Corbin,6,3.5
2023-05-31,Patrick Corbin,2,3.5
2023-06-07,Patrick Corbin,4,3.5
2023-06-13,Patrick Corbin,5,3.5
2023-04-01,Patrick Sandoval,2,3.5
2023-04-07,Patrick Sandoval,2,3.5
2023-04-14,Patrick Sandoval,6,3.5
2023-04-20,Patrick Sandoval,5,3.5
2023-04-26,Patrick Sandoval,5,3.5
2023-05-02,Patrick Sandoval,4,3.5
2023-05-08,Patrick Sandoval,2,4.0
2023-05-14,Patrick Sandoval,5,4.0
2023-05-20,Patrick Sandoval,3,4.0
2023-05-28,Patrick Sandoval,2,4.0
2023-06-03,Patrick Sandoval,4,4.0
2023-06-10,Patrick Sandoval,8,3.5
2023-05-29,Paul Blackburn,6,3.5
2023-06-04,Paul Blackburn,3,3.5
2023-06-10,Paul Blackburn,5,3.5
2023-06-15,Paul Blackburn,9,3.5
2023-04-12,Peyton Battenfield,3,3.5
2023-04-18,Peyton Battenfield,5,3.5
2023-04-25,Peyton Battenfield,4,3.5
2023-05-05,Peyton Battenfield,7,3.5
2023-05-10,Peyton Battenfield,4,3.5
2023-05-17,Peyton Battenfield,2,4.0
2023-05-26,Randy Vásquez,6,3.5
2023-06-08,Randy Vásquez,3,3.5
2023-05-13,Ranger Suárez,4,3.5
2023-05-19,Ranger Suárez,4,3.5
2023-05-24,Ranger Suárez,5,3.5
2023-05-30,Ranger Suárez,4,3.5
2023-06-04,Ranger Suárez,3,3.5
2023-06-09,Ranger Suárez,8,3.5
2023-06-14,Ranger Suárez,7,4.0
2023-06-02,Reese Olson,6,3.5
2023-06-14,Reese Olson,2,3.5
2023-04-03,Reid Detmers,7,3.5
2023-04-09,Reid Detmers,5,3.5
2023-04-16,Reid Detmers,7,3.5
2023-04-23,Reid Detmers,6,4.5
2023-04-29,Reid Detmers,6,5.0
2023-05-06,Reid Detmers,7,5.5
2023-05-13,Reid Detmers,3,5.5
2023-05-19,Reid Detmers,12,5.5
2023-05-26,Reid Detmers,5,6.0
2023-06-01,Reid Detmers,2,6.0
2023-06-08,Reid Detmers,8,6.0
2023-06-14,Reid Detmers,8,6.0
2023-04-01,Rich Hill,7,3.5
2023-04-07,Rich Hill,1,3.5
2023-04-12,Rich Hill,0,3.5
2023-04-17,Rich Hill,7,3.5
2023-04-22,Rich Hill,7,3.5
2023-04-29,Rich Hill,5,3.5
2023-05-05,Rich Hill,5,4.0
2023-05-10,Rich Hill,4,4.5
2023-05-17,Rich Hill,7,4.5
2023-05-23,Rich Hill,9,4.5
2023-05-29,Rich Hill,3,5.0
2023-06-04,Rich Hill,6,5.0
2023-06-09,Rich Hill,6,5.5
2023-04-04,Roansy Contreras,2,3.5
2023-04-10,Roansy Contreras,3,3.5
2023-04-15,Roansy Contreras,6,3.5
2023-04-20,Roansy Contreras,8,3.5
2023-04-26,Roansy Contreras,5,3.5
2023-05-02,Roansy Contreras,3,4.0
2023-05-07,Roansy Contreras,4,4.5
2023-05-13,Roansy Contreras,1,4.5
2023-05-21,Roansy Contreras,3,4.0
2023-06-02,Roansy Contreras,6,4.0
2023-06-07,Roansy Contreras,1,4.0
2023-03-31,Robbie Ray,3,3.5
2023-06-01,Ronel Blanco,5,3.5
2023-06-07,Ronel Blanco,5,3.5
2023-04-02,Ross Stripling,3,3.5
2023-04-23,Ross Stripling,1,3.5
2023-05-01,Ross Stripling,5,3.5
2023-05-07,Ross Stripling,3,3.5
2023-05-17,Ross Stripling,2,3.5
2023-04-03,Ryan Feltner,7,3.5
2023-04-09,Ryan Feltner,3,3.5
2023-04-15,Ryan Feltner,5,3.5
2023-04-20,Ryan Feltner,6,4.0
2023-04-25,Ryan Feltner,6,4.0
2023-05-02,Ryan Feltner,3,4.5
2023-05-07,Ryan Feltner,3,5.0
2023-05-13,Ryan Feltner,0,4.5
2023-04-03,Ryan Weathers,2,3.5
2023-04-11,Ryan Weathers,3,3.5
2023-04-17,Ryan Weathers,5,3.5
2023-05-14,Ryan Weathers,3,3.5
2023-05-24,Ryan Weathers,4,3.5
2023-05-30,Ryan Weathers,4,3.5
2023-06-04,Ryan Weathers,1,3.5
2023-06-10,Ryan Weathers,2,3.5
2023-06-15,Ryan Weathers,2,3.5
2023-04-26,Ryan Yarbrough,2,3.5
2023-05-02,Ryan Yarbrough,5,3.5
2023-05-07,Ryan Yarbrough,2,3.5
2023-04-03,Ryne Nelson,3,3.5
2023-04-09,Ryne Nelson,3,3.5
2023-04-15,Ryne Nelson,4,3.5
2023-04-20,Ryne Nelson,4,3.5
2023-04-25,Ryne Nelson,3,3.5
2023-04-30,Ryne Nelson,2,3.5
2023-05-07,Ryne Nelson,3,3.5
2023-05-12,Ryne Nelson,4,3.5
2023-05-17,Ryne Nelson,6,3.5
2023-05-23,Ryne Nelson,4,3.5
2023-05-29,Ryne Nelson,1,3.5
2023-06-03,Ryne Nelson,0,3.5
2023-06-10,Ryne Nelson,4,3.5
2023-06-15,Ryne Nelson,5,3.5
2023-06-09,Sam Moll,3,3.5
2023-03-30,Sandy Alcantara,2,3.5
2023-04-04,Sandy Alcantara,5,3.5
2023-04-10,Sandy Alcantara,4,3.5
2023-04-16,Sandy Alcantara,9,3.5
2023-04-26,Sandy Alcantara,6,3.5
2023-05-02,Sandy Alcantara,5,4.5
2023-05-07,Sandy Alcantara,9,5.0
2023-05-13,Sandy Alcantara,9,5.5
2023-05-19,Sandy Alcantara,5,5.5
2023-05-24,Sandy Alcantara,3,6.0
2023-05-30,Sandy Alcantara,3,6.0
2023-06-04,Sandy Alcantara,7,6.0
2023-06-10,Sandy Alcantara,4,5.5
2023-05-25,Scott Alexander,1,3.5
2023-04-08,Sean Manaea,8,3.5
2023-04-14,Sean Manaea,4,3.5
2023-04-20,Sean Manaea,3,3.5
2023-04-29,Sean Manaea,3,4.5
2023-05-05,Sean Manaea,6,4.0
2023-05-10,Sean Manaea,4,4.0
2023-04-02,Seth Lugo,7,3.5
2023-04-09,Seth Lugo,5,3.5
2023-04-15,Seth Lugo,5,3.5
2023-04-21,Seth Lugo,6,4.5
2023-04-27,Seth Lugo,3,4.5
2023-05-03,Seth Lugo,5,5.0
2023-05-10,Seth Lugo,5,5.0
2023-05-16,Seth Lugo,2,5.0
2023-03-30,Shane Bieber,3,3.5
2023-04-04,Shane Bieber,7,3.5
2023-04-10,Shane Bieber,4,3.5
2023-04-16,Shane Bieber,4,3.5
2023-04-22,Shane Bieber,4,4.0
2023-04-28,Shane Bieber,4,4.0
2023-05-03,Shane Bieber,4,4.0
2023-05-09,Shane Bieber,9,4.0
2023-05-16,Shane Bieber,4,4.5
2023-05-21,Shane Bieber,4,4.5
2023-05-26,Shane Bieber,2,5.0
2023-05-31,Shane Bieber,4,4.5
2023-06-06,Shane Bieber,2,4.5
2023-06-11,Shane Bieber,9,4.5
2023-03-30,Shane McClanahan,6,3.5
2023-04-05,Shane McClanahan,6,3.5
2023-04-11,Shane McClanahan,9,3.5
2023-04-16,Shane McClanahan,6,4.5
2023-04-22,Shane McClanahan,10,5.5
2023-04-27,Shane McClanahan,5,6.0
2023-05-03,Shane McClanahan,9,6.5
2023-05-08,Shane McClanahan,7,7.0
2023-05-13,Shane McClanahan,3,7.0
2023-05-19,Shane McClanahan,7,7.0
2023-05-24,Shane McClanahan,7,6.5
2023-05-30,Shane McClanahan,7,6.5
2023-06-05,Shane McClanahan,5,6.5
2023-06-11,Shane McClanahan,5,6.5
2023-06-07,Shawn Armstrong,1,3.5
2023-04-01,Shintaro Fujinami,4,3.5
2023-04-08,Shintaro Fujinami,1,3.5
2023-04-15,Shintaro Fujinami,5,3.5
2023-04-22,Shintaro Fujinami,2,3.5
2023-06-02,Shintaro Fujinami,1,3.5
2023-06-13,Shintaro Fujinami,1,3.5
2023-03-30,Shohei Ohtani,10,3.5
2023-03-30,Shohei Ohtani,10,3.5
2023-04-05,Shohei Ohtani,8,4.5
2023-04-05,Shohei Ohtani,8,7.0
2023-04-11,Shohei Ohtani,6,7.5
2023-04-11,Shohei Ohtani,6,7.5
2023-04-17,Shohei Ohtani,3,7.5
2023-04-17,Shohei Ohtani,3,7.0
2023-04-21,Shohei Ohtani,11,7.0
2023-04-21,Shohei Ohtani,11,7.0
2023-04-27,Shohei Ohtani,8,7.0
2023-04-27,Shohei Ohtani,8,7.0
2023-05-03,Shohei Ohtani,13,7.5
2023-05-03,Shohei Ohtani,13,8.0
2023-05-09,Shohei Ohtani,7,8.5
2023-05-09,Shohei Ohtani,7,8.5
2023-05-15,Shohei Ohtani,5,8.5
2023-05-15,Shohei Ohtani,5,8.5
2023-05-21,Shohei Ohtani,9,8.0
2023-05-21,Shohei Ohtani,9,8.0
2023-05-27,Shohei Ohtani,10,8.0
2023-05-27,Shohei Ohtani,10,8.0
2023-06-02,Shohei Ohtani,6,8.0
2023-06-02,Shohei Ohtani,6,8.0
2023-06-09,Shohei Ohtani,6,8.0
2023-06-09,Shohei Ohtani,6,8.0
2023-06-15,Shohei Ohtani,3,8.0
2023-06-15,Shohei Ohtani,3,7.5
2023-04-01,Sonny Gray,1,3.5
2023-04-07,Sonny Gray,13,3.5
2023-04-12,Sonny Gray,5,3.5
2023-04-18,Sonny Gray,7,4.0
2023-04-24,Sonny Gray,8,5.5
2023-04-30,Sonny Gray,7,6.0
2023-05-06,Sonny Gray,6,6.0
2023-05-12,Sonny Gray,9,6.5
2023-05-17,Sonny Gray,4,6.5
2023-05-23,Sonny Gray,6,6.5
2023-05-29,Sonny Gray,3,6.5
2023-06-03,Sonny Gray,2,6.5
2023-06-09,Sonny Gray,5,6.0
2023-06-15,Sonny Gray,3,5.5
2023-04-01,Spencer Strider,9,3.5
2023-04-06,Spencer Strider,9,3.5
2023-04-12,Spencer Strider,9,4.0
2023-04-18,Spencer Strider,9,6.5
2023-04-24,Spencer Strider,13,7.0
2023-05-01,Spencer Strider,8,8.0
2023-05-06,Spencer Strider,10,8.5
2023-05-12,Spencer Strider,12,8.5
2023-05-17,Spencer Strider,7,8.5
2023-05-23,Spencer Strider,11,8.5
2023-05-28,Spencer Strider,9,8.5
2023-06-03,Spencer Strider,7,8.5
2023-06-08,Spencer Strider,8,8.5
2023-06-14,Spencer Strider,6,8.5
2023-04-01,Spencer Turnbull,3,3.5
2023-04-06,Spencer Turnbull,1,3.5
2023-04-13,Spencer Turnbull,6,3.5
2023-04-19,Spencer Turnbull,3,3.5
2023-04-25,Spencer Turnbull,2,3.5
2023-04-30,Spencer Turnbull,3,3.5
2023-05-06,Spencer Turnbull,6,3.5
2023-04-04,Steven Matz,7,3.5
2023-04-10,Steven Matz,4,3.5
2023-04-15,Steven Matz,6,3.5
2023-04-21,Steven Matz,7,4.0
2023-04-26,Steven Matz,3,4.5
2023-05-02,Steven Matz,4,5.0
2023-05-07,Steven Matz,2,5.0
2023-05-13,Steven Matz,4,4.5
2023-05-19,Steven Matz,6,4.5
2023-05-24,Steven Matz,2,4.5
2023-04-03,Taijuan Walker,5,3.5
2023-04-09,Taijuan Walker,5,3.5
2023-04-14,Taijuan Walker,4,3.5
2023-04-19,Taijuan Walker,3,3.5
2023-04-26,Taijuan Walker,6,4.0
2023-05-01,Taijuan Walker,6,4.0
2023-05-07,Taijuan Walker,6,4.0
2023-05-12,Taijuan Walker,3,4.5
2023-05-17,Taijuan Walker,1,4.5
2023-05-21,Taijuan Walker,3,4.5
2023-05-26,Taijuan Walker,1,4.5
2023-06-01,Taijuan Walker,2,4.0
2023-06-06,Taijuan Walker,8,3.5
2023-06-11,Taijuan Walker,5,3.5
2023-04-12,Taj Bradley,8,3.5
2023-04-18,Taj Bradley,9,3.5
2023-04-24,Taj Bradley,6,3.5
2023-05-18,Taj Bradley,4,5.5
2023-05-23,Taj Bradley,7,6.0
2023-05-29,Taj Bradley,8,6.0
2023-06-04,Taj Bradley,6,6.0
2023-06-10,Taj Bradley,4,6.5
2023-06-15,Taj Bradley,11,6.5
2023-04-26,Tanner Bibee,8,3.5
2023-05-02,Tanner Bibee,5,3.5
2023-05-08,Tanner Bibee,2,3.5
2023-05-14,Tanner Bibee,7,4.5
2023-05-21,Tanner Bibee,3,4.5
2023-05-27,Tanner Bibee,9,4.5
2023-06-01,Tanner Bibee,6,5.0
2023-06-07,Tanner Bibee,2,5.0
2023-06-13,Tanner Bibee,3,5.5
2023-04-02,Tanner Houck,5,3.5
2023-04-08,Tanner Houck,4,3.5
2023-04-14,Tanner Houck,6,3.5
2023-04-20,Tanner Houck,7,3.5
2023-04-26,Tanner Houck,2,4.0
2023-05-02,Tanner Houck,5,4.5
2023-05-07,Tanner Houck,4,4.5
2023-05-15,Tanner Houck,5,4.5
2023-05-22,Tanner Houck,8,4.5
2023-05-28,Tanner Houck,4,5.0
2023-06-04,Tanner Houck,6,5.0
2023-06-10,Tanner Houck,6,5.0
2023-04-21,Taylor Clarke,1,3.5
2023-04-24,Tommy Henry,1,3.5
2023-04-29,Tommy Henry,3,3.5
2023-05-06,Tommy Henry,3,3.5
2023-05-11,Tommy Henry,2,3.5
2023-05-16,Tommy Henry,4,3.5
2023-05-22,Tommy Henry,5,3.5
2023-05-31,Tommy Henry,7,3.5
2023-06-06,Tommy Henry,2,3.5
2023-06-12,Tommy Henry,6,3.5
2023-04-14,Tommy Milone,3,3.5
2023-04-26,Tony Gonsolin,1,3.5
2023-05-01,Tony Gonsolin,3,3.5
2023-05-08,Tony Gonsolin,6,3.5
2023-05-14,Tony Gonsolin,6,3.5
2023-05-19,Tony Gonsolin,3,3.5
2023-05-24,Tony Gonsolin,4,3.5
2023-05-30,Tony Gonsolin,2,4.0
2023-06-06,Tony Gonsolin,5,3.5
2023-06-13,Tony Gonsolin,6,3.5
2023-05-12,Trevor Kelley,2,3.5
2023-05-22,Trevor Kelley,0,3.5
2023-06-03,Trevor Kelley,2,3.5
2023-06-10,Trevor Richards,7,3.5
2023-04-02,Trevor Rogers,4,3.5
2023-04-08,Trevor Rogers,5,3.5
2023-04-14,Trevor Rogers,7,3.5
2023-04-19,Trevor Rogers,3,3.5
2023-04-03,Trevor Williams,3,3.5
2023-04-08,Trevor Williams,4,3.5
2023-04-14,Trevor Williams,2,3.5
2023-04-21,Trevor Williams,4,3.5
2023-04-27,Trevor Williams,4,3.5
2023-05-02,Trevor Williams,4,3.5
2023-05-07,Trevor Williams,5,3.5
2023-05-13,Trevor Williams,1,3.5
2023-05-18,Trevor Williams,5,3.5
2023-05-24,Trevor Williams,5,3.5
2023-05-29,Trevor Williams,3,3.5
2023-06-04,Trevor Williams,6,4.0
2023-06-11,Trevor Williams,6,4.0
2023-06-04,Triston McKenzie,10,3.5
2023-06-10,Triston McKenzie,5,3.5
2023-06-06,Tyler Alexander,3,3.5
2023-04-02,Tyler Anderson,4,3.5
2023-04-08,Tyler Anderson,4,3.5
2023-04-15,Tyler Anderson,2,3.5
2023-04-22,Tyler Anderson,1,3.5
2023-04-28,Tyler Anderson,7,3.5
2023-05-05,Tyler Anderson,6,3.5
2023-05-12,Tyler Anderson,1,3.5
2023-05-18,Tyler Anderson,2,3.5
2023-05-24,Tyler Anderson,3,3.5
2023-05-30,Tyler Anderson,3,3.5
2023-06-06,Tyler Anderson,5,3.5
2023-06-12,Tyler Anderson,7,3.5
2023-05-27,Tyler Glasnow,8,3.5
2023-06-03,Tyler Glasnow,6,3.5
2023-06-09,Tyler Glasnow,6,3.5
2023-06-14,Tyler Glasnow,6,5.0
2023-06-08,Tyler Holton,1,3.5
2023-04-03,Tyler Mahle,7,3.5
2023-04-09,Tyler Mahle,6,3.5
2023-04-15,Tyler Mahle,5,3.5
2023-04-21,Tyler Mahle,4,4.5
2023-04-27,Tyler Mahle,6,5.0
2023-04-09,Tyler Wells,6,3.5
2023-04-14,Tyler Wells,3,3.5
2023-04-21,Tyler Wells,5,3.5
2023-04-26,Tyler Wells,7,3.5
2023-05-02,Tyler Wells,4,4.0
2023-05-07,Tyler Wells,4,4.5
2023-05-13,Tyler Wells,8,4.5
2023-05-18,Tyler Wells,7,5.0
2023-05-24,Tyler Wells,8,5.0
2023-05-29,Tyler Wells,7,5.5
2023-06-04,Tyler Wells,9,6.0
2023-06-09,Tyler Wells,4,6.0
2023-06-15,Tyler Wells,8,6.5
2023-04-01,Tylor Megill,7,3.5
2023-04-07,Tylor Megill,3,3.5
2023-04-12,Tylor Megill,3,3.5
2023-04-18,Tylor Megill,4,3.5
2023-04-23,Tylor Megill,2,3.5
2023-05-01,Tylor Megill,4,3.5
2023-05-06,Tylor Megill,4,3.5
2023-05-12,Tylor Megill,4,3.5
2023-05-18,Tylor Megill,4,3.5
2023-05-23,Tylor Megill,5,4.0
2023-05-28,Tylor Megill,3,4.0
2023-06-03,Tylor Megill,5,4.0
2023-06-09,Tylor Megill,1,4.0
2023-06-09,Victor González,0,3.5
2023-04-02,Vince Velasquez,3,3.5
2023-04-08,Vince Velasquez,1,3.5
2023-04-13,Vince Velasquez,6,3.5
2023-04-18,Vince Velasquez,7,3.5
2023-04-23,Vince Velasquez,10,3.5
2023-04-29,Vince Velasquez,5,4.0
2023-05-04,Vince Velasquez,2,5.0
2023-05-27,Vince Velasquez,3,5.0
2023-04-04,Wade Miley,3,3.5
2023-04-10,Wade Miley,3,3.5
2023-04-16,Wade Miley,8,3.5
2023-04-22,Wade Miley,3,3.5
2023-04-28,Wade Miley,2,3.5
2023-05-04,Wade Miley,2,4.0
2023-05-10,Wade Miley,3,3.5
2023-05-16,Wade Miley,0,3.5
2023-06-11,Will Vest,0,3.5
2023-05-05,Yonny Chirinos,0,3.5
2023-06-08,Yonny Chirinos,4,3.5
2023-04-04,Yu Darvish,3,3.5
2023-04-10,Yu Darvish,5,3.5
2023-04-16,Yu Darvish,12,3.5
2023-04-23,Yu Darvish,5,3.5
2023-04-30,Yu Darvish,9,5.0
2023-05-05,Yu Darvish,6,6.0
2023-05-11,Yu Darvish,7,6.0
2023-05-17,Yu Darvish,6,6.5
2023-05-23,Yu Darvish,4,6.5
2023-05-28,Yu Darvish,2,6.5
2023-06-03,Yu Darvish,9,6.0
2023-06-09,Yu Darvish,6,6.0
2023-04-04,Yusei Kikuchi,2,3.5
2023-04-09,Yusei Kikuchi,6,3.5
2023-04-15,Yusei Kikuchi,9,3.5
2023-04-21,Yusei Kikuchi,3,3.5
2023-04-26,Yusei Kikuchi,8,4.0
2023-05-02,Yusei Kikuchi,2,5.0
2023-05-07,Yusei Kikuchi,3,5.0
2023-05-14,Yusei Kikuchi,7,5.0
2023-05-19,Yusei Kikuchi,3,4.5
2023-05-24,Yusei Kikuchi,5,4.5
2023-05-30,Yusei Kikuchi,4,5.0
2023-06-04,Yusei Kikuchi,8,4.5
2023-06-09,Yusei Kikuchi,4,5.0
2023-06-15,Yusei Kikuchi,7,5.0
2023-03-30,Zac Gallen,7,3.5
2023-04-04,Zac Gallen,3,3.5
2023-04-10,Zac Gallen,11,3.5
2023-04-16,Zac Gallen,7,4.5
2023-04-21,Zac Gallen,11,5.5
2023-04-26,Zac Gallen,12,6.5
2023-05-02,Zac Gallen,6,7.0
2023-05-08,Zac Gallen,7,8.0
2023-05-13,Zac Gallen,6,8.0
2023-05-19,Zac Gallen,2,7.5
2023-05-24,Zac Gallen,3,7.5
2023-05-30,Zac Gallen,7,7.0
2023-06-04,Zac Gallen,6,6.5
2023-06-11,Zac Gallen,5,6.5
2023-04-02,Zach Davies,4,3.5
2023-04-08,Zach Davies,3,3.5
2023-05-27,Zach Davies,3,3.5
2023-06-01,Zach Davies,4,3.5
2023-06-07,Zach Davies,8,3.5
2023-06-13,Zach Davies,4,3.5
2023-04-01,Zach Eflin,5,3.5
2023-04-07,Zach Eflin,7,3.5
2023-04-23,Zach Eflin,4,3.5
2023-04-28,Zach Eflin,5,4.0
2023-05-04,Zach Eflin,10,4.5
2023-05-09,Zach Eflin,4,5.0
2023-05-14,Zach Eflin,9,5.5
2023-05-20,Zach Eflin,8,6.0
2023-05-25,Zach Eflin,0,6.0
2023-05-31,Zach Eflin,5,6.0
2023-06-06,Zach Eflin,9,6.0
2023-06-12,Zach Eflin,6,5.5
2023-04-03,Zach Plesac,1,3.5
2023-04-09,Zach Plesac,6,3.5
2023-04-15,Zach Plesac,1,3.5
2023-04-22,Zach Plesac,5,3.5
2023-04-29,Zach Plesac,1,3.5
2023-03-30,Zack Greinke,4,3.5
2023-04-05,Zack Greinke,4,3.5
2023-04-10,Zack Greinke,3,3.5
2023-04-16,Zack Greinke,6,3.5
2023-04-22,Zack Greinke,2,3.5
2023-04-27,Zack Greinke,3,3.5
2023-05-03,Zack Greinke,3,3.5
2023-05-08,Zack Greinke,2,3.5
2023-05-13,Zack Greinke,5,3.5
2023-05-19,Zack Greinke,4,3.5
2023-05-24,Zack Greinke,5,3.5
2023-05-30,Zack Greinke,6,3.5
2023-06-06,Zack Greinke,3,4.0
2023-06-12,Zack Greinke,4,4.0
2023-04-01,Zack Wheeler,7,3.5
2023-04-07,Zack Wheeler,5,3.5
2023-04-12,Zack Wheeler,6,3.5
2023-04-18,Zack Wheeler,5,4.5
2023-04-23,Zack Wheeler,11,5.0
2023-04-29,Zack Wheeler,7,5.5
2023-05-05,Zack Wheeler,5,6.0
2023-05-10,Zack Wheeler,7,6.5
2023-05-16,Zack Wheeler,8,6.5
2023-05-22,Zack Wheeler,3,6.5
2023-05-27,Zack Wheeler,12,6.5
2023-06-02,Zack Wheeler,3,6.5
2023-06-08,Zack Wheeler,8,6.5
2023-06-13,Zack Wheeler,7,7.0
